fecha,cod_ine,CCAA,total
2020-01-22,0,Global,17
2020-01-23,0,Global,18
2020-01-24,0,Global,26
2020-01-25,0,Global,42
2020-01-26,0,Global,56
2020-01-27,0,Global,82
2020-01-28,0,Global,131
2020-01-29,0,Global,133
2020-01-30,0,Global,171
2020-01-31,0,Global,213
2020-02-01,0,Global,259
2020-02-02,0,Global,362
2020-02-03,0,Global,426
2020-02-04,0,Global,492
2020-02-05,0,Global,564
2020-02-06,0,Global,634
2020-02-07,0,Global,719
2020-02-08,0,Global,806
2020-02-09,0,Global,906
2020-02-10,0,Global,1013
2020-02-11,0,Global,1113
2020-02-12,0,Global,1118
2020-02-13,0,Global,1371
2020-02-14,0,Global,1523
2020-02-15,0,Global,1666
2020-02-16,0,Global,1770
2020-02-17,0,Global,1868
2020-02-18,0,Global,2007
2020-02-19,0,Global,2122
2020-02-20,0,Global,2247
2020-02-21,0,Global,2251
2020-02-22,0,Global,2458
2020-02-23,0,Global,2469
2020-02-24,0,Global,2629
2020-02-25,0,Global,2708
2020-02-26,0,Global,2770
2020-02-27,0,Global,2814
2020-02-28,0,Global,2872
2020-02-29,0,Global,2941
2020-03-01,0,Global,2996
2020-03-02,0,Global,3085
2020-03-03,0,Global,3160
2020-03-04,0,Global,3254
2020-03-05,0,Global,3348
2020-03-06,0,Global,3460
2020-03-07,0,Global,3558
2020-03-08,0,Global,3802
2020-03-09,0,Global,3988
2020-03-10,0,Global,4262
2020-03-11,0,Global,4615
2020-03-12,0,Global,4955
2020-03-13,0,Global,5404
2020-03-14,0,Global,5819
2020-03-15,0,Global,6490
2020-03-16,0,Global,7126
2020-03-17,0,Global,7905
2020-03-18,0,Global,8733
2020-03-19,0,Global,9867
2020-03-20,0,Global,11299
2020-03-21,0,Global,12973
2020-03-22,0,Global,14651
2020-03-23,0,Global,16505
2020-03-24,0,Global,18625
2020-03-25,0,Global,21181
2020-03-26,0,Global,23970
2020-03-27,0,Global,27198
2020-03-28,0,Global,30652
2020-03-29,0,Global,33925
2020-03-30,0,Global,37582
2020-03-31,0,Global,42107
2020-04-01,0,Global,46809
2020-04-02,0,Global,52983
2020-04-03,0,Global,58787
2020-04-04,0,Global,64606
2020-04-05,0,Global,69374
2020-04-06,0,Global,74565
2020-04-07,0,Global,75973
2020-03-22,1,Afghanistan,1
2020-03-23,1,Afghanistan,1
2020-03-24,1,Afghanistan,1
2020-03-25,1,Afghanistan,2
2020-03-26,1,Afghanistan,4
2020-03-27,1,Afghanistan,4
2020-03-28,1,Afghanistan,4
2020-03-29,1,Afghanistan,4
2020-03-30,1,Afghanistan,4
2020-03-31,1,Afghanistan,4
2020-04-01,1,Afghanistan,5
2020-04-02,1,Afghanistan,6
2020-04-03,1,Afghanistan,6
2020-04-04,1,Afghanistan,7
2020-04-05,1,Afghanistan,7
2020-04-06,1,Afghanistan,11
2020-04-07,1,Afghanistan,11
2020-03-11,2,Albania,1
2020-03-12,2,Albania,1
2020-03-13,2,Albania,1
2020-03-14,2,Albania,1
2020-03-15,2,Albania,1
2020-03-16,2,Albania,1
2020-03-17,2,Albania,1
2020-03-18,2,Albania,2
2020-03-19,2,Albania,2
2020-03-20,2,Albania,2
2020-03-21,2,Albania,2
2020-03-22,2,Albania,2
2020-03-23,2,Albania,4
2020-03-24,2,Albania,5
2020-03-25,2,Albania,5
2020-03-26,2,Albania,6
2020-03-27,2,Albania,8
2020-03-28,2,Albania,10
2020-03-29,2,Albania,10
2020-03-30,2,Albania,11
2020-03-31,2,Albania,15
2020-04-01,2,Albania,15
2020-04-02,2,Albania,16
2020-04-03,2,Albania,17
2020-04-04,2,Albania,20
2020-04-05,2,Albania,20
2020-04-06,2,Albania,21
2020-04-07,2,Albania,22
2020-03-12,3,Algeria,2
2020-03-13,3,Algeria,2
2020-03-14,3,Algeria,3
2020-03-15,3,Algeria,4
2020-03-16,3,Algeria,4
2020-03-17,3,Algeria,5
2020-03-18,3,Algeria,7
2020-03-19,3,Algeria,9
2020-03-20,3,Algeria,11
2020-03-21,3,Algeria,15
2020-03-22,3,Algeria,17
2020-03-23,3,Algeria,17
2020-03-24,3,Algeria,19
2020-03-25,3,Algeria,21
2020-03-26,3,Algeria,25
2020-03-27,3,Algeria,26
2020-03-28,3,Algeria,29
2020-03-29,3,Algeria,31
2020-03-30,3,Algeria,35
2020-03-31,3,Algeria,44
2020-04-01,3,Algeria,58
2020-04-02,3,Algeria,86
2020-04-03,3,Algeria,105
2020-04-04,3,Algeria,130
2020-04-05,3,Algeria,152
2020-04-06,3,Algeria,173
2020-04-07,3,Algeria,173
2020-03-22,4,Andorra,1
2020-03-23,4,Andorra,1
2020-03-24,4,Andorra,1
2020-03-25,4,Andorra,1
2020-03-26,4,Andorra,3
2020-03-27,4,Andorra,3
2020-03-28,4,Andorra,3
2020-03-29,4,Andorra,6
2020-03-30,4,Andorra,8
2020-03-31,4,Andorra,12
2020-04-01,4,Andorra,14
2020-04-02,4,Andorra,15
2020-04-03,4,Andorra,16
2020-04-04,4,Andorra,17
2020-04-05,4,Andorra,18
2020-04-06,4,Andorra,21
2020-04-07,4,Andorra,21
2020-03-29,5,Angola,2
2020-03-30,5,Angola,2
2020-03-31,5,Angola,2
2020-04-01,5,Angola,2
2020-04-02,5,Angola,2
2020-04-03,5,Angola,2
2020-04-04,5,Angola,2
2020-04-05,5,Angola,2
2020-04-06,5,Angola,2
2020-04-07,5,Angola,2
2020-03-08,7,Argentina,1
2020-03-09,7,Argentina,1
2020-03-10,7,Argentina,1
2020-03-11,7,Argentina,1
2020-03-12,7,Argentina,1
2020-03-13,7,Argentina,2
2020-03-14,7,Argentina,2
2020-03-15,7,Argentina,2
2020-03-16,7,Argentina,2
2020-03-17,7,Argentina,2
2020-03-18,7,Argentina,2
2020-03-19,7,Argentina,3
2020-03-20,7,Argentina,3
2020-03-21,7,Argentina,4
2020-03-22,7,Argentina,4
2020-03-23,7,Argentina,4
2020-03-24,7,Argentina,6
2020-03-25,7,Argentina,8
2020-03-26,7,Argentina,9
2020-03-27,7,Argentina,13
2020-03-28,7,Argentina,18
2020-03-29,7,Argentina,19
2020-03-30,7,Argentina,80
2020-03-31,7,Argentina,80
2020-04-01,7,Argentina,28
2020-04-02,7,Argentina,36
2020-04-03,7,Argentina,39
2020-04-04,7,Argentina,43
2020-04-05,7,Argentina,44
2020-04-06,7,Argentina,48
2020-04-07,7,Argentina,53
2020-03-26,8,Armenia,1
2020-03-27,8,Armenia,1
2020-03-28,8,Armenia,1
2020-03-29,8,Armenia,3
2020-03-30,8,Armenia,3
2020-03-31,8,Armenia,3
2020-04-01,8,Armenia,4
2020-04-02,8,Armenia,7
2020-04-03,8,Armenia,7
2020-04-04,8,Armenia,7
2020-04-05,8,Armenia,7
2020-04-06,8,Armenia,8
2020-04-07,8,Armenia,8
2020-03-01,9,Australia,1
2020-03-02,9,Australia,1
2020-03-03,9,Australia,1
2020-03-04,9,Australia,2
2020-03-05,9,Australia,2
2020-03-06,9,Australia,2
2020-03-07,9,Australia,2
2020-03-08,9,Australia,3
2020-03-09,9,Australia,3
2020-03-10,9,Australia,3
2020-03-11,9,Australia,3
2020-03-12,9,Australia,3
2020-03-13,9,Australia,3
2020-03-14,9,Australia,3
2020-03-15,9,Australia,3
2020-03-16,9,Australia,5
2020-03-17,9,Australia,5
2020-03-18,9,Australia,6
2020-03-19,9,Australia,6
2020-03-20,9,Australia,7
2020-03-21,9,Australia,7
2020-03-22,9,Australia,7
2020-03-23,9,Australia,7
2020-03-24,9,Australia,8
2020-03-25,9,Australia,8
2020-03-26,9,Australia,13
2020-03-27,9,Australia,13
2020-03-28,9,Australia,14
2020-03-29,9,Australia,16
2020-03-30,9,Australia,17
2020-03-31,9,Australia,20
2020-04-01,9,Australia,20
2020-04-02,9,Australia,24
2020-04-03,9,Australia,28
2020-04-04,9,Australia,30
2020-04-05,9,Australia,35
2020-04-06,9,Australia,40
2020-04-07,9,Australia,45
2020-03-12,10,Austria,1
2020-03-13,10,Austria,1
2020-03-14,10,Austria,1
2020-03-15,10,Austria,1
2020-03-16,10,Austria,3
2020-03-17,10,Austria,3
2020-03-18,10,Austria,4
2020-03-19,10,Austria,6
2020-03-20,10,Austria,6
2020-03-21,10,Austria,8
2020-03-22,10,Austria,16
2020-03-23,10,Austria,21
2020-03-24,10,Austria,28
2020-03-25,10,Austria,30
2020-03-26,10,Austria,49
2020-03-27,10,Austria,58
2020-03-28,10,Austria,68
2020-03-29,10,Austria,86
2020-03-30,10,Austria,108
2020-03-31,10,Austria,128
2020-04-01,10,Austria,146
2020-04-02,10,Austria,158
2020-04-03,10,Austria,168
2020-04-04,10,Austria,186
2020-04-05,10,Austria,204
2020-04-06,10,Austria,220
2020-04-07,10,Austria,243
2020-03-13,11,Azerbaijan,1
2020-03-14,11,Azerbaijan,1
2020-03-15,11,Azerbaijan,1
2020-03-16,11,Azerbaijan,1
2020-03-17,11,Azerbaijan,1
2020-03-18,11,Azerbaijan,1
2020-03-19,11,Azerbaijan,1
2020-03-20,11,Azerbaijan,1
2020-03-21,11,Azerbaijan,1
2020-03-22,11,Azerbaijan,1
2020-03-23,11,Azerbaijan,1
2020-03-24,11,Azerbaijan,1
2020-03-25,11,Azerbaijan,2
2020-03-26,11,Azerbaijan,3
2020-03-27,11,Azerbaijan,3
2020-03-28,11,Azerbaijan,4
2020-03-29,11,Azerbaijan,4
2020-03-30,11,Azerbaijan,4
2020-03-31,11,Azerbaijan,5
2020-04-01,11,Azerbaijan,5
2020-04-02,11,Azerbaijan,5
2020-04-03,11,Azerbaijan,5
2020-04-04,11,Azerbaijan,5
2020-04-05,11,Azerbaijan,7
2020-04-06,11,Azerbaijan,7
2020-04-07,11,Azerbaijan,7
2020-04-01,12,Bahamas,1
2020-04-02,12,Bahamas,1
2020-04-03,12,Bahamas,1
2020-04-04,12,Bahamas,4
2020-04-05,12,Bahamas,4
2020-04-06,12,Bahamas,5
2020-04-07,12,Bahamas,5
2020-03-16,13,Bahrain,1
2020-03-17,13,Bahrain,1
2020-03-18,13,Bahrain,1
2020-03-19,13,Bahrain,1
2020-03-20,13,Bahrain,1
2020-03-21,13,Bahrain,1
2020-03-22,13,Bahrain,2
2020-03-23,13,Bahrain,2
2020-03-24,13,Bahrain,3
2020-03-25,13,Bahrain,4
2020-03-26,13,Bahrain,4
2020-03-27,13,Bahrain,4
2020-03-28,13,Bahrain,4
2020-03-29,13,Bahrain,4
2020-03-30,13,Bahrain,4
2020-03-31,13,Bahrain,4
2020-04-01,13,Bahrain,4
2020-04-02,13,Bahrain,4
2020-04-03,13,Bahrain,4
2020-04-04,13,Bahrain,4
2020-04-05,13,Bahrain,4
2020-04-06,13,Bahrain,4
2020-04-07,13,Bahrain,4
2020-03-18,14,Bangladesh,1
2020-03-19,14,Bangladesh,1
2020-03-20,14,Bangladesh,1
2020-03-21,14,Bangladesh,2
2020-03-22,14,Bangladesh,2
2020-03-23,14,Bangladesh,3
2020-03-24,14,Bangladesh,4
2020-03-25,14,Bangladesh,5
2020-03-26,14,Bangladesh,5
2020-03-27,14,Bangladesh,5
2020-03-28,14,Bangladesh,5
2020-03-29,14,Bangladesh,5
2020-03-30,14,Bangladesh,5
2020-03-31,14,Bangladesh,5
2020-04-01,14,Bangladesh,6
2020-04-02,14,Bangladesh,6
2020-04-03,14,Bangladesh,6
2020-04-04,14,Bangladesh,8
2020-04-05,14,Bangladesh,9
2020-04-06,14,Bangladesh,12
2020-04-07,14,Bangladesh,17
2020-04-05,15,Barbados,1
2020-04-06,15,Barbados,2
2020-04-07,15,Barbados,2
2020-03-31,16,Belarus,1
2020-04-01,16,Belarus,2
2020-04-02,16,Belarus,4
2020-04-03,16,Belarus,4
2020-04-04,16,Belarus,5
2020-04-05,16,Belarus,8
2020-04-06,16,Belarus,13
2020-04-07,16,Belarus,13
2020-03-11,17,Belgium,3
2020-03-12,17,Belgium,3
2020-03-13,17,Belgium,3
2020-03-14,17,Belgium,4
2020-03-15,17,Belgium,4
2020-03-16,17,Belgium,5
2020-03-17,17,Belgium,10
2020-03-18,17,Belgium,14
2020-03-19,17,Belgium,21
2020-03-20,17,Belgium,37
2020-03-21,17,Belgium,67
2020-03-22,17,Belgium,75
2020-03-23,17,Belgium,88
2020-03-24,17,Belgium,122
2020-03-25,17,Belgium,178
2020-03-26,17,Belgium,220
2020-03-27,17,Belgium,289
2020-03-28,17,Belgium,353
2020-03-29,17,Belgium,431
2020-03-30,17,Belgium,513
2020-03-31,17,Belgium,705
2020-04-01,17,Belgium,828
2020-04-02,17,Belgium,1011
2020-04-03,17,Belgium,1143
2020-04-04,17,Belgium,1283
2020-04-05,17,Belgium,1447
2020-04-06,17,Belgium,1632
2020-04-07,17,Belgium,2035
2020-04-06,18,Benin,1
2020-04-07,18,Benin,1
2020-03-29,20,Bolivia,1
2020-03-30,20,Bolivia,4
2020-03-31,20,Bolivia,6
2020-04-01,20,Bolivia,7
2020-04-02,20,Bolivia,8
2020-04-03,20,Bolivia,9
2020-04-04,20,Bolivia,10
2020-04-05,20,Bolivia,10
2020-04-06,20,Bolivia,11
2020-04-07,20,Bolivia,14
2020-03-21,21,Bosnia and Herzegovina,1
2020-03-22,21,Bosnia and Herzegovina,1
2020-03-23,21,Bosnia and Herzegovina,1
2020-03-24,21,Bosnia and Herzegovina,3
2020-03-25,21,Bosnia and Herzegovina,3
2020-03-26,21,Bosnia and Herzegovina,3
2020-03-27,21,Bosnia and Herzegovina,4
2020-03-28,21,Bosnia and Herzegovina,5
2020-03-29,21,Bosnia and Herzegovina,6
2020-03-30,21,Bosnia and Herzegovina,10
2020-03-31,21,Bosnia and Herzegovina,13
2020-04-01,21,Bosnia and Herzegovina,13
2020-04-02,21,Bosnia and Herzegovina,16
2020-04-03,21,Bosnia and Herzegovina,17
2020-04-04,21,Bosnia and Herzegovina,21
2020-04-05,21,Bosnia and Herzegovina,23
2020-04-06,21,Bosnia and Herzegovina,29
2020-04-07,21,Bosnia and Herzegovina,33
2020-03-17,22,Brazil,1
2020-03-18,22,Brazil,3
2020-03-19,22,Brazil,6
2020-03-20,22,Brazil,11
2020-03-21,22,Brazil,15
2020-03-22,22,Brazil,25
2020-03-23,22,Brazil,34
2020-03-24,22,Brazil,46
2020-03-25,22,Brazil,59
2020-03-26,22,Brazil,77
2020-03-27,22,Brazil,92
2020-03-28,22,Brazil,111
2020-03-29,22,Brazil,136
2020-03-30,22,Brazil,159
2020-03-31,22,Brazil,201
2020-04-01,22,Brazil,240
2020-04-02,22,Brazil,324
2020-04-03,22,Brazil,359
2020-04-04,22,Brazil,445
2020-04-05,22,Brazil,486
2020-04-06,22,Brazil,564
2020-04-07,22,Brazil,566
2020-03-28,23,Brunei,1
2020-03-29,23,Brunei,1
2020-03-30,23,Brunei,1
2020-03-31,23,Brunei,1
2020-04-01,23,Brunei,1
2020-04-02,23,Brunei,1
2020-04-03,23,Brunei,1
2020-04-04,23,Brunei,1
2020-04-05,23,Brunei,1
2020-04-06,23,Brunei,1
2020-04-07,23,Brunei,1
2020-03-11,24,Bulgaria,1
2020-03-12,24,Bulgaria,1
2020-03-13,24,Bulgaria,1
2020-03-14,24,Bulgaria,2
2020-03-15,24,Bulgaria,2
2020-03-16,24,Bulgaria,2
2020-03-17,24,Bulgaria,2
2020-03-18,24,Bulgaria,2
2020-03-19,24,Bulgaria,3
2020-03-20,24,Bulgaria,3
2020-03-21,24,Bulgaria,3
2020-03-22,24,Bulgaria,3
2020-03-23,24,Bulgaria,3
2020-03-24,24,Bulgaria,3
2020-03-25,24,Bulgaria,3
2020-03-26,24,Bulgaria,3
2020-03-27,24,Bulgaria,3
2020-03-28,24,Bulgaria,7
2020-03-29,24,Bulgaria,8
2020-03-30,24,Bulgaria,8
2020-03-31,24,Bulgaria,8
2020-04-01,24,Bulgaria,10
2020-04-02,24,Bulgaria,10
2020-04-03,24,Bulgaria,14
2020-04-04,24,Bulgaria,17
2020-04-05,24,Bulgaria,20
2020-04-06,24,Bulgaria,22
2020-04-07,24,Bulgaria,22
2020-03-18,25,Burkina Faso,1
2020-03-19,25,Burkina Faso,1
2020-03-20,25,Burkina Faso,1
2020-03-21,25,Burkina Faso,2
2020-03-22,25,Burkina Faso,4
2020-03-23,25,Burkina Faso,4
2020-03-24,25,Burkina Faso,4
2020-03-25,25,Burkina Faso,4
2020-03-26,25,Burkina Faso,7
2020-03-27,25,Burkina Faso,9
2020-03-28,25,Burkina Faso,11
2020-03-29,25,Burkina Faso,12
2020-03-30,25,Burkina Faso,12
2020-03-31,25,Burkina Faso,14
2020-04-01,25,Burkina Faso,16
2020-04-02,25,Burkina Faso,16
2020-04-03,25,Burkina Faso,16
2020-04-04,25,Burkina Faso,16
2020-04-05,25,Burkina Faso,17
2020-04-06,25,Burkina Faso,18
2020-04-07,25,Burkina Faso,18
2020-03-24,26,Cabo Verde,1
2020-03-25,26,Cabo Verde,1
2020-03-26,26,Cabo Verde,1
2020-03-27,26,Cabo Verde,1
2020-03-28,26,Cabo Verde,1
2020-03-29,26,Cabo Verde,1
2020-03-30,26,Cabo Verde,1
2020-03-31,26,Cabo Verde,1
2020-04-01,26,Cabo Verde,1
2020-04-02,26,Cabo Verde,1
2020-04-03,26,Cabo Verde,1
2020-04-04,26,Cabo Verde,1
2020-04-05,26,Cabo Verde,1
2020-04-06,26,Cabo Verde,1
2020-04-07,26,Cabo Verde,1
2020-03-24,28,Cameroon,1
2020-03-25,28,Cameroon,1
2020-03-26,28,Cameroon,1
2020-03-27,28,Cameroon,2
2020-03-28,28,Cameroon,2
2020-03-29,28,Cameroon,6
2020-03-30,28,Cameroon,6
2020-03-31,28,Cameroon,6
2020-04-01,28,Cameroon,6
2020-04-02,28,Cameroon,8
2020-04-03,28,Cameroon,8
2020-04-04,28,Cameroon,9
2020-04-05,28,Cameroon,9
2020-04-06,28,Cameroon,9
2020-04-07,28,Cameroon,9
2020-03-09,29,Canada,1
2020-03-10,29,Canada,1
2020-03-11,29,Canada,1
2020-03-12,29,Canada,1
2020-03-13,29,Canada,1
2020-03-14,29,Canada,1
2020-03-15,29,Canada,1
2020-03-16,29,Canada,4
2020-03-17,29,Canada,5
2020-03-18,29,Canada,9
2020-03-19,29,Canada,9
2020-03-20,29,Canada,12
2020-03-21,29,Canada,19
2020-03-22,29,Canada,21
2020-03-23,29,Canada,25
2020-03-24,29,Canada,26
2020-03-25,29,Canada,36
2020-03-26,29,Canada,38
2020-03-27,29,Canada,54
2020-03-28,29,Canada,61
2020-03-29,29,Canada,64
2020-03-30,29,Canada,87
2020-03-31,29,Canada,101
2020-04-01,29,Canada,111
2020-04-02,29,Canada,139
2020-04-03,29,Canada,179
2020-04-04,29,Canada,218
2020-04-05,29,Canada,277
2020-04-06,29,Canada,339
2020-04-07,29,Canada,323
2020-03-22,32,Chile,1
2020-03-23,32,Chile,2
2020-03-24,32,Chile,2
2020-03-25,32,Chile,3
2020-03-26,32,Chile,4
2020-03-27,32,Chile,5
2020-03-28,32,Chile,6
2020-03-29,32,Chile,7
2020-03-30,32,Chile,8
2020-03-31,32,Chile,12
2020-04-01,32,Chile,16
2020-04-02,32,Chile,18
2020-04-03,32,Chile,22
2020-04-04,32,Chile,27
2020-04-05,32,Chile,34
2020-04-06,32,Chile,37
2020-04-07,32,Chile,37
2020-01-24,33,China,26
2020-01-25,33,China,41
2020-01-26,33,China,55
2020-01-27,33,China,82
2020-01-28,33,China,106
2020-01-29,33,China,133
2020-01-30,33,China,171
2020-01-31,33,China,213
2020-02-01,33,China,259
2020-02-02,33,China,304
2020-02-03,33,China,361
2020-02-04,33,China,426
2020-02-05,33,China,493
2020-02-06,33,China,564
2020-02-07,33,China,637
2020-02-08,33,China,724
2020-02-09,33,China,813
2020-02-10,33,China,909
2020-02-11,33,China,1017
2020-02-12,33,China,1116
2020-02-13,33,China,1368
2020-02-14,33,China,1382
2020-02-15,33,China,1524
2020-02-16,33,China,1667
2020-02-17,33,China,1772
2020-02-18,33,China,1872
2020-02-19,33,China,2009
2020-02-20,33,China,2122
2020-02-21,33,China,2239
2020-02-22,33,China,2348
2020-02-23,33,China,2445
2020-02-24,33,China,2596
2020-02-25,33,China,2666
2020-02-26,33,China,2718
2020-02-27,33,China,2747
2020-02-28,33,China,2791
2020-02-29,33,China,2838
2020-03-01,33,China,2873
2020-03-02,33,China,2915
2020-03-03,33,China,2948
2020-03-04,33,China,2984
2020-03-05,33,China,3016
2020-03-06,33,China,3045
2020-03-07,33,China,3073
2020-03-08,33,China,3101
2020-03-09,33,China,3124
2020-03-10,33,China,3140
2020-03-11,33,China,3162
2020-03-12,33,China,3173
2020-03-13,33,China,3181
2020-03-14,33,China,3194
2020-03-15,33,China,3204
2020-03-16,33,China,3218
2020-03-17,33,China,3231
2020-03-18,33,China,3242
2020-03-19,33,China,3250
2020-03-20,33,China,3255
2020-03-21,33,China,3261
2020-03-22,33,China,3267
2020-03-23,33,China,3276
2020-03-24,33,China,3283
2020-03-25,33,China,3287
2020-03-26,33,China,3293
2020-03-27,33,China,3298
2020-03-28,33,China,3301
2020-03-29,33,China,3306
2020-03-30,33,China,3313
2020-03-31,33,China,3314
2020-04-01,33,China,3321
2020-04-02,33,China,3327
2020-04-03,33,China,3331
2020-04-04,33,China,3335
2020-04-05,33,China,3338
2020-04-06,33,China,3340
2020-04-07,33,China,3340
2020-03-22,34,Colombia,2
2020-03-23,34,Colombia,3
2020-03-24,34,Colombia,3
2020-03-25,34,Colombia,4
2020-03-26,34,Colombia,6
2020-03-27,34,Colombia,6
2020-03-28,34,Colombia,6
2020-03-29,34,Colombia,10
2020-03-30,34,Colombia,12
2020-03-31,34,Colombia,16
2020-04-01,34,Colombia,17
2020-04-02,34,Colombia,19
2020-04-03,34,Colombia,25
2020-04-04,34,Colombia,32
2020-04-05,34,Colombia,35
2020-04-06,34,Colombia,46
2020-04-07,34,Colombia,46
2020-03-31,35,Congo (Brazzaville),3
2020-04-01,35,Congo (Brazzaville),3
2020-04-02,35,Congo (Brazzaville),3
2020-04-03,35,Congo (Brazzaville),3
2020-04-04,35,Congo (Brazzaville),5
2020-04-05,35,Congo (Brazzaville),5
2020-04-06,35,Congo (Brazzaville),5
2020-04-07,35,Congo (Brazzaville),5
2020-03-21,36,Congo (Kinshasa),1
2020-03-22,36,Congo (Kinshasa),2
2020-03-23,36,Congo (Kinshasa),2
2020-03-24,36,Congo (Kinshasa),2
2020-03-25,36,Congo (Kinshasa),2
2020-03-26,36,Congo (Kinshasa),4
2020-03-27,36,Congo (Kinshasa),5
2020-03-28,36,Congo (Kinshasa),6
2020-03-29,36,Congo (Kinshasa),8
2020-03-30,36,Congo (Kinshasa),8
2020-03-31,36,Congo (Kinshasa),8
2020-04-01,36,Congo (Kinshasa),11
2020-04-02,36,Congo (Kinshasa),13
2020-04-03,36,Congo (Kinshasa),13
2020-04-04,36,Congo (Kinshasa),18
2020-04-05,36,Congo (Kinshasa),18
2020-04-06,36,Congo (Kinshasa),18
2020-04-07,36,Congo (Kinshasa),18
2020-03-19,37,Costa Rica,1
2020-03-20,37,Costa Rica,1
2020-03-21,37,Costa Rica,2
2020-03-22,37,Costa Rica,2
2020-03-23,37,Costa Rica,2
2020-03-24,37,Costa Rica,2
2020-03-25,37,Costa Rica,2
2020-03-26,37,Costa Rica,2
2020-03-27,37,Costa Rica,2
2020-03-28,37,Costa Rica,2
2020-03-29,37,Costa Rica,2
2020-03-30,37,Costa Rica,2
2020-03-31,37,Costa Rica,2
2020-04-01,37,Costa Rica,2
2020-04-02,37,Costa Rica,2
2020-04-03,37,Costa Rica,2
2020-04-04,37,Costa Rica,2
2020-04-05,37,Costa Rica,2
2020-04-06,37,Costa Rica,2
2020-04-07,37,Costa Rica,2
2020-03-29,38,Cote d'Ivoire,1
2020-03-30,38,Cote d'Ivoire,1
2020-03-31,38,Cote d'Ivoire,1
2020-04-01,38,Cote d'Ivoire,1
2020-04-02,38,Cote d'Ivoire,1
2020-04-03,38,Cote d'Ivoire,1
2020-04-04,38,Cote d'Ivoire,1
2020-04-05,38,Cote d'Ivoire,3
2020-04-06,38,Cote d'Ivoire,3
2020-04-07,38,Cote d'Ivoire,3
2020-03-19,39,Croatia,1
2020-03-20,39,Croatia,1
2020-03-21,39,Croatia,1
2020-03-22,39,Croatia,1
2020-03-23,39,Croatia,1
2020-03-24,39,Croatia,1
2020-03-25,39,Croatia,1
2020-03-26,39,Croatia,3
2020-03-27,39,Croatia,3
2020-03-28,39,Croatia,5
2020-03-29,39,Croatia,6
2020-03-30,39,Croatia,6
2020-03-31,39,Croatia,6
2020-04-01,39,Croatia,6
2020-04-02,39,Croatia,7
2020-04-03,39,Croatia,8
2020-04-04,39,Croatia,12
2020-04-05,39,Croatia,15
2020-04-06,39,Croatia,16
2020-04-07,39,Croatia,16
2020-02-20,40,International Conveyance,2
2020-02-21,40,International Conveyance,2
2020-02-22,40,International Conveyance,2
2020-02-23,40,International Conveyance,3
2020-02-24,40,International Conveyance,3
2020-02-25,40,International Conveyance,3
2020-02-26,40,International Conveyance,4
2020-02-27,40,International Conveyance,4
2020-02-28,40,International Conveyance,6
2020-02-29,40,International Conveyance,6
2020-03-01,40,International Conveyance,6
2020-03-02,40,International Conveyance,6
2020-03-03,40,International Conveyance,6
2020-03-04,40,International Conveyance,6
2020-03-05,40,International Conveyance,6
2020-03-06,40,International Conveyance,6
2020-03-07,40,International Conveyance,6
2020-03-08,40,International Conveyance,6
2020-03-09,40,International Conveyance,6
2020-03-10,40,International Conveyance,6
2020-03-11,40,International Conveyance,7
2020-03-12,40,International Conveyance,7
2020-03-13,40,International Conveyance,7
2020-03-14,40,International Conveyance,7
2020-03-15,40,International Conveyance,7
2020-03-16,40,International Conveyance,7
2020-03-17,40,International Conveyance,7
2020-03-18,40,International Conveyance,7
2020-03-19,40,International Conveyance,7
2020-03-20,40,International Conveyance,7
2020-03-21,40,International Conveyance,8
2020-03-22,40,International Conveyance,8
2020-03-23,40,International Conveyance,10
2020-03-24,40,International Conveyance,10
2020-03-25,40,International Conveyance,10
2020-03-26,40,International Conveyance,10
2020-03-27,40,International Conveyance,10
2020-03-28,40,International Conveyance,10
2020-03-29,40,International Conveyance,10
2020-03-30,40,International Conveyance,10
2020-03-31,40,International Conveyance,10
2020-04-01,40,International Conveyance,11
2020-04-02,40,International Conveyance,11
2020-04-03,40,International Conveyance,11
2020-04-04,40,International Conveyance,11
2020-04-05,40,International Conveyance,11
2020-04-06,40,International Conveyance,11
2020-04-07,40,International Conveyance,11
2020-03-18,41,Cuba,1
2020-03-19,41,Cuba,1
2020-03-20,41,Cuba,1
2020-03-21,41,Cuba,1
2020-03-22,41,Cuba,1
2020-03-23,41,Cuba,1
2020-03-24,41,Cuba,1
2020-03-25,41,Cuba,1
2020-03-26,41,Cuba,2
2020-03-27,41,Cuba,2
2020-03-28,41,Cuba,3
2020-03-29,41,Cuba,3
2020-03-30,41,Cuba,4
2020-03-31,41,Cuba,6
2020-04-01,41,Cuba,6
2020-04-02,41,Cuba,6
2020-04-03,41,Cuba,6
2020-04-04,41,Cuba,6
2020-04-05,41,Cuba,8
2020-04-06,41,Cuba,9
2020-04-07,41,Cuba,9
2020-03-22,42,Cyprus,1
2020-03-23,42,Cyprus,1
2020-03-24,42,Cyprus,3
2020-03-25,42,Cyprus,3
2020-03-26,42,Cyprus,3
2020-03-27,42,Cyprus,5
2020-03-28,42,Cyprus,5
2020-03-29,42,Cyprus,6
2020-03-30,42,Cyprus,7
2020-03-31,42,Cyprus,8
2020-04-01,42,Cyprus,9
2020-04-02,42,Cyprus,10
2020-04-03,42,Cyprus,11
2020-04-04,42,Cyprus,11
2020-04-05,42,Cyprus,11
2020-04-06,42,Cyprus,14
2020-04-07,42,Cyprus,14
2020-03-22,43,Czechia,1
2020-03-23,43,Czechia,1
2020-03-24,43,Czechia,3
2020-03-25,43,Czechia,10
2020-03-26,43,Czechia,10
2020-03-27,43,Czechia,9
2020-03-28,43,Czechia,11
2020-03-29,43,Czechia,16
2020-03-30,43,Czechia,23
2020-03-31,43,Czechia,31
2020-04-01,43,Czechia,39
2020-04-02,43,Czechia,44
2020-04-03,43,Czechia,53
2020-04-04,43,Czechia,59
2020-04-05,43,Czechia,67
2020-04-06,43,Czechia,78
2020-04-07,43,Czechia,80
2020-03-14,44,Denmark,1
2020-03-15,44,Denmark,2
2020-03-16,44,Denmark,4
2020-03-17,44,Denmark,4
2020-03-18,44,Denmark,4
2020-03-19,44,Denmark,6
2020-03-20,44,Denmark,9
2020-03-21,44,Denmark,13
2020-03-22,44,Denmark,13
2020-03-23,44,Denmark,24
2020-03-24,44,Denmark,32
2020-03-25,44,Denmark,34
2020-03-26,44,Denmark,41
2020-03-27,44,Denmark,52
2020-03-28,44,Denmark,65
2020-03-29,44,Denmark,72
2020-03-30,44,Denmark,77
2020-03-31,44,Denmark,90
2020-04-01,44,Denmark,104
2020-04-02,44,Denmark,123
2020-04-03,44,Denmark,139
2020-04-04,44,Denmark,161
2020-04-05,44,Denmark,179
2020-04-06,44,Denmark,187
2020-04-07,44,Denmark,203
2020-03-17,46,Dominican Republic,1
2020-03-18,46,Dominican Republic,1
2020-03-19,46,Dominican Republic,2
2020-03-20,46,Dominican Republic,2
2020-03-21,46,Dominican Republic,2
2020-03-22,46,Dominican Republic,3
2020-03-23,46,Dominican Republic,3
2020-03-24,46,Dominican Republic,6
2020-03-25,46,Dominican Republic,10
2020-03-26,46,Dominican Republic,10
2020-03-27,46,Dominican Republic,20
2020-03-28,46,Dominican Republic,28
2020-03-29,46,Dominican Republic,39
2020-03-30,46,Dominican Republic,42
2020-03-31,46,Dominican Republic,51
2020-04-01,46,Dominican Republic,57
2020-04-02,46,Dominican Republic,60
2020-04-03,46,Dominican Republic,68
2020-04-04,46,Dominican Republic,68
2020-04-05,46,Dominican Republic,82
2020-04-06,46,Dominican Republic,86
2020-04-07,46,Dominican Republic,86
2020-03-14,47,Ecuador,2
2020-03-15,47,Ecuador,2
2020-03-16,47,Ecuador,2
2020-03-17,47,Ecuador,2
2020-03-18,47,Ecuador,2
2020-03-19,47,Ecuador,3
2020-03-20,47,Ecuador,5
2020-03-21,47,Ecuador,7
2020-03-22,47,Ecuador,14
2020-03-23,47,Ecuador,18
2020-03-24,47,Ecuador,27
2020-03-25,47,Ecuador,28
2020-03-26,47,Ecuador,34
2020-03-27,47,Ecuador,36
2020-03-28,47,Ecuador,48
2020-03-29,47,Ecuador,58
2020-03-30,47,Ecuador,60
2020-03-31,47,Ecuador,75
2020-04-01,47,Ecuador,93
2020-04-02,47,Ecuador,146
2020-04-03,47,Ecuador,146
2020-04-04,47,Ecuador,172
2020-04-05,47,Ecuador,180
2020-04-06,47,Ecuador,191
2020-04-07,47,Ecuador,191
2020-03-08,48,Egypt,1
2020-03-09,48,Egypt,1
2020-03-10,48,Egypt,1
2020-03-11,48,Egypt,1
2020-03-12,48,Egypt,2
2020-03-13,48,Egypt,2
2020-03-14,48,Egypt,2
2020-03-15,48,Egypt,2
2020-03-16,48,Egypt,2
2020-03-17,48,Egypt,4
2020-03-18,48,Egypt,6
2020-03-19,48,Egypt,6
2020-03-20,48,Egypt,8
2020-03-21,48,Egypt,10
2020-03-22,48,Egypt,14
2020-03-23,48,Egypt,19
2020-03-24,48,Egypt,20
2020-03-25,48,Egypt,21
2020-03-26,48,Egypt,24
2020-03-27,48,Egypt,30
2020-03-28,48,Egypt,36
2020-03-29,48,Egypt,40
2020-03-30,48,Egypt,41
2020-03-31,48,Egypt,46
2020-04-01,48,Egypt,52
2020-04-02,48,Egypt,58
2020-04-03,48,Egypt,66
2020-04-04,48,Egypt,71
2020-04-05,48,Egypt,78
2020-04-06,48,Egypt,85
2020-04-07,48,Egypt,85
2020-03-31,49,El Salvador,1
2020-04-01,49,El Salvador,1
2020-04-02,49,El Salvador,2
2020-04-03,49,El Salvador,2
2020-04-04,49,El Salvador,3
2020-04-05,49,El Salvador,3
2020-04-06,49,El Salvador,4
2020-04-07,49,El Salvador,4
2020-03-25,52,Estonia,1
2020-03-26,52,Estonia,1
2020-03-27,52,Estonia,1
2020-03-28,52,Estonia,1
2020-03-29,52,Estonia,3
2020-03-30,52,Estonia,3
2020-03-31,52,Estonia,4
2020-04-01,52,Estonia,5
2020-04-02,52,Estonia,11
2020-04-03,52,Estonia,12
2020-04-04,52,Estonia,13
2020-04-05,52,Estonia,15
2020-04-06,52,Estonia,19
2020-04-07,52,Estonia,21
2020-04-02,54,Ethiopia,3
2020-04-03,54,Ethiopia,3
2020-04-04,54,Ethiopia,0
2020-04-05,54,Ethiopia,2
2020-04-06,54,Ethiopia,2
2020-04-07,54,Ethiopia,2
2020-03-21,56,Finland,1
2020-03-22,56,Finland,1
2020-03-23,56,Finland,1
2020-03-24,56,Finland,1
2020-03-25,56,Finland,3
2020-03-26,56,Finland,5
2020-03-27,56,Finland,7
2020-03-28,56,Finland,9
2020-03-29,56,Finland,11
2020-03-30,56,Finland,13
2020-03-31,56,Finland,17
2020-04-01,56,Finland,17
2020-04-02,56,Finland,19
2020-04-03,56,Finland,20
2020-04-04,56,Finland,25
2020-04-05,56,Finland,28
2020-04-06,56,Finland,28
2020-04-07,56,Finland,28
2020-02-14,57,France,1
2020-02-15,57,France,1
2020-02-16,57,France,1
2020-02-17,57,France,1
2020-02-18,57,France,1
2020-02-19,57,France,1
2020-02-20,57,France,1
2020-02-21,57,France,1
2020-02-22,57,France,1
2020-02-23,57,France,1
2020-02-24,57,France,1
2020-02-25,57,France,1
2020-02-26,57,France,2
2020-02-27,57,France,2
2020-02-28,57,France,2
2020-02-29,57,France,2
2020-03-01,57,France,2
2020-03-02,57,France,3
2020-03-03,57,France,4
2020-03-04,57,France,4
2020-03-05,57,France,7
2020-03-06,57,France,9
2020-03-07,57,France,16
2020-03-08,57,France,19
2020-03-09,57,France,30
2020-03-10,57,France,33
2020-03-11,57,France,48
2020-03-12,57,France,61
2020-03-13,57,France,79
2020-03-14,57,France,91
2020-03-15,57,France,127
2020-03-16,57,France,148
2020-03-17,57,France,175
2020-03-18,57,France,245
2020-03-19,57,France,373
2020-03-20,57,France,452
2020-03-21,57,France,564
2020-03-22,57,France,676
2020-03-23,57,France,862
2020-03-24,57,France,1102
2020-03-25,57,France,1333
2020-03-26,57,France,1698
2020-03-27,57,France,1997
2020-03-28,57,France,2316
2020-03-29,57,France,2611
2020-03-30,57,France,3031
2020-03-31,57,France,3531
2020-04-01,57,France,4042
2020-04-02,57,France,4515
2020-04-03,57,France,6520
2020-04-04,57,France,6851
2020-04-05,57,France,8091
2020-04-06,57,France,8925
2020-04-07,57,France,8925
2020-03-20,58,Gabon,1
2020-03-21,58,Gabon,1
2020-03-22,58,Gabon,1
2020-03-23,58,Gabon,1
2020-03-24,58,Gabon,1
2020-03-25,58,Gabon,1
2020-03-26,58,Gabon,1
2020-03-27,58,Gabon,1
2020-03-28,58,Gabon,1
2020-03-29,58,Gabon,1
2020-03-30,58,Gabon,1
2020-03-31,58,Gabon,1
2020-04-01,58,Gabon,1
2020-04-02,58,Gabon,1
2020-04-03,58,Gabon,1
2020-04-04,58,Gabon,1
2020-04-05,58,Gabon,1
2020-04-06,58,Gabon,1
2020-04-07,58,Gabon,1
2020-03-23,59,Gambia,1
2020-03-24,59,Gambia,1
2020-03-25,59,Gambia,1
2020-03-26,59,Gambia,1
2020-03-27,59,Gambia,1
2020-03-28,59,Gambia,1
2020-03-29,59,Gambia,1
2020-03-30,59,Gambia,1
2020-03-31,59,Gambia,1
2020-04-01,59,Gambia,1
2020-04-02,59,Gambia,1
2020-04-03,59,Gambia,1
2020-04-04,59,Gambia,1
2020-04-05,59,Gambia,1
2020-04-06,59,Gambia,1
2020-04-07,59,Gambia,1
2020-04-04,60,Georgia,1
2020-04-05,60,Georgia,2
2020-04-06,60,Georgia,2
2020-04-07,60,Georgia,2
2020-03-09,61,Germany,2
2020-03-10,61,Germany,2
2020-03-11,61,Germany,3
2020-03-12,61,Germany,6
2020-03-13,61,Germany,7
2020-03-14,61,Germany,9
2020-03-15,61,Germany,11
2020-03-16,61,Germany,17
2020-03-17,61,Germany,25
2020-03-18,61,Germany,28
2020-03-19,61,Germany,44
2020-03-20,61,Germany,67
2020-03-21,61,Germany,84
2020-03-22,61,Germany,94
2020-03-23,61,Germany,123
2020-03-24,61,Germany,159
2020-03-25,61,Germany,206
2020-03-26,61,Germany,267
2020-03-27,61,Germany,342
2020-03-28,61,Germany,433
2020-03-29,61,Germany,533
2020-03-30,61,Germany,645
2020-03-31,61,Germany,775
2020-04-01,61,Germany,920
2020-04-02,61,Germany,1107
2020-04-03,61,Germany,1275
2020-04-04,61,Germany,1444
2020-04-05,61,Germany,1584
2020-04-06,61,Germany,1810
2020-04-07,61,Germany,1810
2020-03-21,62,Ghana,1
2020-03-22,62,Ghana,1
2020-03-23,62,Ghana,2
2020-03-24,62,Ghana,2
2020-03-25,62,Ghana,4
2020-03-26,62,Ghana,4
2020-03-27,62,Ghana,4
2020-03-28,62,Ghana,5
2020-03-29,62,Ghana,5
2020-03-30,62,Ghana,5
2020-03-31,62,Ghana,5
2020-04-01,62,Ghana,5
2020-04-02,62,Ghana,5
2020-04-03,62,Ghana,5
2020-04-04,62,Ghana,5
2020-04-05,62,Ghana,5
2020-04-06,62,Ghana,5
2020-04-07,62,Ghana,5
2020-03-11,63,Greece,1
2020-03-12,63,Greece,1
2020-03-13,63,Greece,1
2020-03-14,63,Greece,3
2020-03-15,63,Greece,4
2020-03-16,63,Greece,4
2020-03-17,63,Greece,5
2020-03-18,63,Greece,5
2020-03-19,63,Greece,6
2020-03-20,63,Greece,6
2020-03-21,63,Greece,13
2020-03-22,63,Greece,15
2020-03-23,63,Greece,17
2020-03-24,63,Greece,20
2020-03-25,63,Greece,22
2020-03-26,63,Greece,26
2020-03-27,63,Greece,28
2020-03-28,63,Greece,32
2020-03-29,63,Greece,38
2020-03-30,63,Greece,43
2020-03-31,63,Greece,49
2020-04-01,63,Greece,50
2020-04-02,63,Greece,53
2020-04-03,63,Greece,63
2020-04-04,63,Greece,68
2020-04-05,63,Greece,73
2020-04-06,63,Greece,79
2020-04-07,63,Greece,79
2020-03-16,64,Guatemala,1
2020-03-17,64,Guatemala,1
2020-03-18,64,Guatemala,1
2020-03-19,64,Guatemala,1
2020-03-20,64,Guatemala,1
2020-03-21,64,Guatemala,1
2020-03-22,64,Guatemala,1
2020-03-23,64,Guatemala,1
2020-03-24,64,Guatemala,1
2020-03-25,64,Guatemala,1
2020-03-26,64,Guatemala,1
2020-03-27,64,Guatemala,1
2020-03-28,64,Guatemala,1
2020-03-29,64,Guatemala,1
2020-03-30,64,Guatemala,1
2020-03-31,64,Guatemala,1
2020-04-01,64,Guatemala,1
2020-04-02,64,Guatemala,1
2020-04-03,64,Guatemala,1
2020-04-04,64,Guatemala,2
2020-04-05,64,Guatemala,2
2020-04-06,64,Guatemala,3
2020-04-07,64,Guatemala,3
2020-03-12,66,Guyana,1
2020-03-13,66,Guyana,1
2020-03-14,66,Guyana,1
2020-03-15,66,Guyana,1
2020-03-16,66,Guyana,1
2020-03-17,66,Guyana,1
2020-03-18,66,Guyana,1
2020-03-19,66,Guyana,1
2020-03-20,66,Guyana,1
2020-03-21,66,Guyana,1
2020-03-22,66,Guyana,1
2020-03-23,66,Guyana,1
2020-03-24,66,Guyana,1
2020-03-25,66,Guyana,1
2020-03-26,66,Guyana,1
2020-03-27,66,Guyana,1
2020-03-28,66,Guyana,1
2020-03-29,66,Guyana,1
2020-03-30,66,Guyana,1
2020-03-31,66,Guyana,2
2020-04-01,66,Guyana,2
2020-04-02,66,Guyana,4
2020-04-03,66,Guyana,4
2020-04-04,66,Guyana,4
2020-04-05,66,Guyana,4
2020-04-06,66,Guyana,4
2020-04-07,66,Guyana,5
2020-04-05,67,Haiti,1
2020-04-06,67,Haiti,1
2020-04-07,67,Haiti,1
2020-03-26,69,Honduras,1
2020-03-27,69,Honduras,1
2020-03-28,69,Honduras,1
2020-03-29,69,Honduras,3
2020-03-30,69,Honduras,7
2020-03-31,69,Honduras,7
2020-04-01,69,Honduras,10
2020-04-02,69,Honduras,14
2020-04-03,69,Honduras,15
2020-04-04,69,Honduras,15
2020-04-05,69,Honduras,22
2020-04-06,69,Honduras,22
2020-04-07,69,Honduras,22
2020-03-15,70,Hungary,1
2020-03-16,70,Hungary,1
2020-03-17,70,Hungary,1
2020-03-18,70,Hungary,1
2020-03-19,70,Hungary,1
2020-03-20,70,Hungary,3
2020-03-21,70,Hungary,4
2020-03-22,70,Hungary,6
2020-03-23,70,Hungary,7
2020-03-24,70,Hungary,9
2020-03-25,70,Hungary,10
2020-03-26,70,Hungary,10
2020-03-27,70,Hungary,10
2020-03-28,70,Hungary,11
2020-03-29,70,Hungary,13
2020-03-30,70,Hungary,15
2020-03-31,70,Hungary,16
2020-04-01,70,Hungary,20
2020-04-02,70,Hungary,21
2020-04-03,70,Hungary,26
2020-04-04,70,Hungary,32
2020-04-05,70,Hungary,34
2020-04-06,70,Hungary,38
2020-04-07,70,Hungary,47
2020-03-15,71,Iceland,5
2020-03-16,71,Iceland,0
2020-03-17,71,Iceland,1
2020-03-18,71,Iceland,1
2020-03-19,71,Iceland,1
2020-03-20,71,Iceland,0
2020-03-21,71,Iceland,1
2020-03-22,71,Iceland,1
2020-03-23,71,Iceland,1
2020-03-24,71,Iceland,2
2020-03-25,71,Iceland,2
2020-03-26,71,Iceland,2
2020-03-27,71,Iceland,2
2020-03-28,71,Iceland,2
2020-03-29,71,Iceland,2
2020-03-30,71,Iceland,2
2020-03-31,71,Iceland,2
2020-04-01,71,Iceland,2
2020-04-02,71,Iceland,4
2020-04-03,71,Iceland,4
2020-04-04,71,Iceland,4
2020-04-05,71,Iceland,4
2020-04-06,71,Iceland,6
2020-04-07,71,Iceland,6
2020-03-11,72,India,1
2020-03-12,72,India,1
2020-03-13,72,India,2
2020-03-14,72,India,2
2020-03-15,72,India,2
2020-03-16,72,India,2
2020-03-17,72,India,3
2020-03-18,72,India,3
2020-03-19,72,India,4
2020-03-20,72,India,5
2020-03-21,72,India,5
2020-03-22,72,India,7
2020-03-23,72,India,10
2020-03-24,72,India,10
2020-03-25,72,India,12
2020-03-26,72,India,20
2020-03-27,72,India,20
2020-03-28,72,India,24
2020-03-29,72,India,27
2020-03-30,72,India,32
2020-03-31,72,India,35
2020-04-01,72,India,58
2020-04-02,72,India,72
2020-04-03,72,India,72
2020-04-04,72,India,86
2020-04-05,72,India,99
2020-04-06,72,India,136
2020-04-07,72,India,137
2020-03-11,73,Indonesia,1
2020-03-12,73,Indonesia,1
2020-03-13,73,Indonesia,4
2020-03-14,73,Indonesia,5
2020-03-15,73,Indonesia,5
2020-03-16,73,Indonesia,5
2020-03-17,73,Indonesia,5
2020-03-18,73,Indonesia,19
2020-03-19,73,Indonesia,25
2020-03-20,73,Indonesia,32
2020-03-21,73,Indonesia,38
2020-03-22,73,Indonesia,48
2020-03-23,73,Indonesia,49
2020-03-24,73,Indonesia,55
2020-03-25,73,Indonesia,58
2020-03-26,73,Indonesia,78
2020-03-27,73,Indonesia,87
2020-03-28,73,Indonesia,102
2020-03-29,73,Indonesia,114
2020-03-30,73,Indonesia,122
2020-03-31,73,Indonesia,136
2020-04-01,73,Indonesia,157
2020-04-02,73,Indonesia,170
2020-04-03,73,Indonesia,181
2020-04-04,73,Indonesia,191
2020-04-05,73,Indonesia,198
2020-04-06,73,Indonesia,209
2020-04-07,73,Indonesia,221
2020-02-19,74,Iran,2
2020-02-20,74,Iran,2
2020-02-21,74,Iran,4
2020-02-22,74,Iran,5
2020-02-23,74,Iran,8
2020-02-24,74,Iran,12
2020-02-25,74,Iran,16
2020-02-26,74,Iran,19
2020-02-27,74,Iran,26
2020-02-28,74,Iran,34
2020-02-29,74,Iran,43
2020-03-01,74,Iran,54
2020-03-02,74,Iran,66
2020-03-03,74,Iran,77
2020-03-04,74,Iran,92
2020-03-05,74,Iran,107
2020-03-06,74,Iran,124
2020-03-07,74,Iran,145
2020-03-08,74,Iran,194
2020-03-09,74,Iran,237
2020-03-10,74,Iran,291
2020-03-11,74,Iran,354
2020-03-12,74,Iran,429
2020-03-13,74,Iran,514
2020-03-14,74,Iran,611
2020-03-15,74,Iran,724
2020-03-16,74,Iran,853
2020-03-17,74,Iran,988
2020-03-18,74,Iran,1135
2020-03-19,74,Iran,1284
2020-03-20,74,Iran,1433
2020-03-21,74,Iran,1556
2020-03-22,74,Iran,1685
2020-03-23,74,Iran,1812
2020-03-24,74,Iran,1934
2020-03-25,74,Iran,2077
2020-03-26,74,Iran,2234
2020-03-27,74,Iran,2378
2020-03-28,74,Iran,2517
2020-03-29,74,Iran,2640
2020-03-30,74,Iran,2757
2020-03-31,74,Iran,2898
2020-04-01,74,Iran,3036
2020-04-02,74,Iran,3160
2020-04-03,74,Iran,3294
2020-04-04,74,Iran,3452
2020-04-05,74,Iran,3603
2020-04-06,74,Iran,3739
2020-04-07,74,Iran,3872
2020-03-04,75,Iraq,2
2020-03-05,75,Iraq,2
2020-03-06,75,Iraq,4
2020-03-07,75,Iraq,4
2020-03-08,75,Iraq,6
2020-03-09,75,Iraq,7
2020-03-10,75,Iraq,7
2020-03-11,75,Iraq,8
2020-03-12,75,Iraq,8
2020-03-13,75,Iraq,9
2020-03-14,75,Iraq,10
2020-03-15,75,Iraq,10
2020-03-16,75,Iraq,10
2020-03-17,75,Iraq,11
2020-03-18,75,Iraq,12
2020-03-19,75,Iraq,13
2020-03-20,75,Iraq,17
2020-03-21,75,Iraq,17
2020-03-22,75,Iraq,20
2020-03-23,75,Iraq,23
2020-03-24,75,Iraq,27
2020-03-25,75,Iraq,29
2020-03-26,75,Iraq,36
2020-03-27,75,Iraq,40
2020-03-28,75,Iraq,42
2020-03-29,75,Iraq,42
2020-03-30,75,Iraq,46
2020-03-31,75,Iraq,50
2020-04-01,75,Iraq,52
2020-04-02,75,Iraq,54
2020-04-03,75,Iraq,54
2020-04-04,75,Iraq,56
2020-04-05,75,Iraq,61
2020-04-06,75,Iraq,64
2020-04-07,75,Iraq,64
2020-03-11,76,Ireland,1
2020-03-12,76,Ireland,1
2020-03-13,76,Ireland,1
2020-03-14,76,Ireland,2
2020-03-15,76,Ireland,2
2020-03-16,76,Ireland,2
2020-03-17,76,Ireland,2
2020-03-18,76,Ireland,2
2020-03-19,76,Ireland,3
2020-03-20,76,Ireland,3
2020-03-21,76,Ireland,3
2020-03-22,76,Ireland,4
2020-03-23,76,Ireland,6
2020-03-24,76,Ireland,7
2020-03-25,76,Ireland,9
2020-03-26,76,Ireland,19
2020-03-27,76,Ireland,22
2020-03-28,76,Ireland,36
2020-03-29,76,Ireland,46
2020-03-30,76,Ireland,54
2020-03-31,76,Ireland,71
2020-04-01,76,Ireland,85
2020-04-02,76,Ireland,98
2020-04-03,76,Ireland,120
2020-04-04,76,Ireland,137
2020-04-05,76,Ireland,158
2020-04-06,76,Ireland,174
2020-04-07,76,Ireland,174
2020-03-21,77,Israel,1
2020-03-22,77,Israel,1
2020-03-23,77,Israel,1
2020-03-24,77,Israel,3
2020-03-25,77,Israel,5
2020-03-26,77,Israel,8
2020-03-27,77,Israel,12
2020-03-28,77,Israel,12
2020-03-29,77,Israel,81
2020-03-30,77,Israel,16
2020-03-31,77,Israel,20
2020-04-01,77,Israel,26
2020-04-02,77,Israel,36
2020-04-03,77,Israel,40
2020-04-04,77,Israel,44
2020-04-05,77,Israel,49
2020-04-06,77,Israel,57
2020-04-07,77,Israel,60
2020-02-21,78,Italy,1
2020-02-22,78,Italy,2
2020-02-23,78,Italy,3
2020-02-24,78,Italy,7
2020-02-25,78,Italy,11
2020-02-26,78,Italy,12
2020-02-27,78,Italy,17
2020-02-28,78,Italy,21
2020-02-29,78,Italy,29
2020-03-01,78,Italy,34
2020-03-02,78,Italy,52
2020-03-03,78,Italy,79
2020-03-04,78,Italy,107
2020-03-05,78,Italy,148
2020-03-06,78,Italy,197
2020-03-07,78,Italy,233
2020-03-08,78,Italy,366
2020-03-09,78,Italy,463
2020-03-10,78,Italy,631
2020-03-11,78,Italy,827
2020-03-12,78,Italy,1016
2020-03-13,78,Italy,1266
2020-03-14,78,Italy,1441
2020-03-15,78,Italy,1809
2020-03-16,78,Italy,2158
2020-03-17,78,Italy,2503
2020-03-18,78,Italy,2978
2020-03-19,78,Italy,3405
2020-03-20,78,Italy,4032
2020-03-21,78,Italy,4825
2020-03-22,78,Italy,5476
2020-03-23,78,Italy,6077
2020-03-24,78,Italy,6820
2020-03-25,78,Italy,7503
2020-03-26,78,Italy,8215
2020-03-27,78,Italy,9134
2020-03-28,78,Italy,10023
2020-03-29,78,Italy,10779
2020-03-30,78,Italy,11591
2020-03-31,78,Italy,12428
2020-04-01,78,Italy,13155
2020-04-02,78,Italy,13915
2020-04-03,78,Italy,14681
2020-04-04,78,Italy,15362
2020-04-05,78,Italy,15887
2020-04-06,78,Italy,16523
2020-04-07,78,Italy,16523
2020-03-19,79,Jamaica,1
2020-03-20,79,Jamaica,1
2020-03-21,79,Jamaica,1
2020-03-22,79,Jamaica,1
2020-03-23,79,Jamaica,1
2020-03-24,79,Jamaica,1
2020-03-25,79,Jamaica,1
2020-03-26,79,Jamaica,1
2020-03-27,79,Jamaica,1
2020-03-28,79,Jamaica,1
2020-03-29,79,Jamaica,1
2020-03-30,79,Jamaica,1
2020-03-31,79,Jamaica,1
2020-04-01,79,Jamaica,3
2020-04-02,79,Jamaica,3
2020-04-03,79,Jamaica,3
2020-04-04,79,Jamaica,3
2020-04-05,79,Jamaica,3
2020-04-06,79,Jamaica,3
2020-04-07,79,Jamaica,3
2020-02-13,80,Japan,1
2020-02-14,80,Japan,1
2020-02-15,80,Japan,1
2020-02-16,80,Japan,1
2020-02-17,80,Japan,1
2020-02-18,80,Japan,1
2020-02-19,80,Japan,1
2020-02-20,80,Japan,1
2020-02-21,80,Japan,1
2020-02-22,80,Japan,1
2020-02-23,80,Japan,1
2020-02-24,80,Japan,1
2020-02-25,80,Japan,1
2020-02-26,80,Japan,2
2020-02-27,80,Japan,4
2020-02-28,80,Japan,4
2020-02-29,80,Japan,5
2020-03-01,80,Japan,6
2020-03-02,80,Japan,6
2020-03-03,80,Japan,6
2020-03-04,80,Japan,6
2020-03-05,80,Japan,6
2020-03-06,80,Japan,6
2020-03-07,80,Japan,6
2020-03-08,80,Japan,7
2020-03-09,80,Japan,10
2020-03-10,80,Japan,12
2020-03-11,80,Japan,15
2020-03-12,80,Japan,19
2020-03-13,80,Japan,19
2020-03-14,80,Japan,22
2020-03-15,80,Japan,24
2020-03-16,80,Japan,27
2020-03-17,80,Japan,29
2020-03-18,80,Japan,31
2020-03-19,80,Japan,33
2020-03-20,80,Japan,34
2020-03-21,80,Japan,36
2020-03-22,80,Japan,41
2020-03-23,80,Japan,42
2020-03-24,80,Japan,43
2020-03-25,80,Japan,45
2020-03-26,80,Japan,47
2020-03-27,80,Japan,51
2020-03-28,80,Japan,54
2020-03-29,80,Japan,56
2020-03-30,80,Japan,58
2020-03-31,80,Japan,66
2020-04-01,80,Japan,68
2020-04-02,80,Japan,71
2020-04-03,80,Japan,77
2020-04-04,80,Japan,84
2020-04-05,80,Japan,93
2020-04-06,80,Japan,97
2020-04-07,80,Japan,97
2020-03-27,81,Jordan,1
2020-03-28,81,Jordan,1
2020-03-29,81,Jordan,3
2020-03-30,81,Jordan,5
2020-03-31,81,Jordan,5
2020-04-01,81,Jordan,5
2020-04-02,81,Jordan,5
2020-04-03,81,Jordan,5
2020-04-04,81,Jordan,5
2020-04-05,81,Jordan,5
2020-04-06,81,Jordan,6
2020-04-07,81,Jordan,6
2020-03-20,82,Kazakhstan,3
2020-03-21,82,Kazakhstan,0
2020-03-22,82,Kazakhstan,0
2020-03-23,82,Kazakhstan,0
2020-03-24,82,Kazakhstan,0
2020-03-25,82,Kazakhstan,0
2020-03-26,82,Kazakhstan,1
2020-03-27,82,Kazakhstan,1
2020-03-28,82,Kazakhstan,1
2020-03-29,82,Kazakhstan,1
2020-03-30,82,Kazakhstan,1
2020-03-31,82,Kazakhstan,2
2020-04-01,82,Kazakhstan,3
2020-04-02,82,Kazakhstan,3
2020-04-03,82,Kazakhstan,6
2020-04-04,82,Kazakhstan,5
2020-04-05,82,Kazakhstan,6
2020-04-06,82,Kazakhstan,6
2020-04-07,82,Kazakhstan,6
2020-03-26,83,Kenya,1
2020-03-27,83,Kenya,1
2020-03-28,83,Kenya,1
2020-03-29,83,Kenya,1
2020-03-30,83,Kenya,1
2020-03-31,83,Kenya,1
2020-04-01,83,Kenya,1
2020-04-02,83,Kenya,3
2020-04-03,83,Kenya,4
2020-04-04,83,Kenya,4
2020-04-05,83,Kenya,4
2020-04-06,83,Kenya,6
2020-04-07,83,Kenya,6
2020-02-20,84,South Korea,1
2020-02-21,84,South Korea,2
2020-02-22,84,South Korea,3
2020-02-23,84,South Korea,6
2020-02-24,84,South Korea,8
2020-02-25,84,South Korea,10
2020-02-26,84,South Korea,12
2020-02-27,84,South Korea,13
2020-02-28,84,South Korea,13
2020-02-29,84,South Korea,16
2020-03-01,84,South Korea,17
2020-03-02,84,South Korea,28
2020-03-03,84,South Korea,31
2020-03-04,84,South Korea,35
2020-03-05,84,South Korea,36
2020-03-06,84,South Korea,43
2020-03-07,84,South Korea,47
2020-03-08,84,South Korea,50
2020-03-09,84,South Korea,53
2020-03-10,84,South Korea,54
2020-03-11,84,South Korea,61
2020-03-12,84,South Korea,66
2020-03-13,84,South Korea,72
2020-03-14,84,South Korea,72
2020-03-15,84,South Korea,75
2020-03-16,84,South Korea,75
2020-03-17,84,South Korea,81
2020-03-18,84,South Korea,84
2020-03-19,84,South Korea,91
2020-03-20,84,South Korea,100
2020-03-21,84,South Korea,102
2020-03-22,84,South Korea,111
2020-03-23,84,South Korea,111
2020-03-24,84,South Korea,120
2020-03-25,84,South Korea,126
2020-03-26,84,South Korea,131
2020-03-27,84,South Korea,139
2020-03-28,84,South Korea,144
2020-03-29,84,South Korea,152
2020-03-30,84,South Korea,158
2020-03-31,84,South Korea,162
2020-04-01,84,South Korea,165
2020-04-02,84,South Korea,169
2020-04-03,84,South Korea,174
2020-04-04,84,South Korea,177
2020-04-05,84,South Korea,183
2020-04-06,84,South Korea,186
2020-04-07,84,South Korea,192
2020-04-04,85,Kuwait,1
2020-04-05,85,Kuwait,6
2020-04-06,85,Kuwait,6
2020-04-07,85,Kuwait,1
2020-04-03,86,Kyrgyzstan,1
2020-04-04,86,Kyrgyzstan,1
2020-04-05,86,Kyrgyzstan,1
2020-04-06,86,Kyrgyzstan,4
2020-04-07,86,Kyrgyzstan,4
2020-04-03,87,Latvia,1
2020-04-04,87,Latvia,1
2020-04-05,87,Latvia,1
2020-04-06,87,Latvia,1
2020-04-07,87,Latvia,2
2020-03-10,88,Lebanon,1
2020-03-11,88,Lebanon,3
2020-03-12,88,Lebanon,3
2020-03-13,88,Lebanon,3
2020-03-14,88,Lebanon,3
2020-03-15,88,Lebanon,3
2020-03-16,88,Lebanon,3
2020-03-17,88,Lebanon,3
2020-03-18,88,Lebanon,3
2020-03-19,88,Lebanon,4
2020-03-20,88,Lebanon,4
2020-03-21,88,Lebanon,4
2020-03-22,88,Lebanon,4
2020-03-23,88,Lebanon,4
2020-03-24,88,Lebanon,4
2020-03-25,88,Lebanon,6
2020-03-26,88,Lebanon,6
2020-03-27,88,Lebanon,8
2020-03-28,88,Lebanon,8
2020-03-29,88,Lebanon,10
2020-03-30,88,Lebanon,11
2020-03-31,88,Lebanon,12
2020-04-01,88,Lebanon,14
2020-04-02,88,Lebanon,16
2020-04-03,88,Lebanon,17
2020-04-04,88,Lebanon,17
2020-04-05,88,Lebanon,18
2020-04-06,88,Lebanon,19
2020-04-07,88,Lebanon,19
2020-04-04,89,Liberia,1
2020-04-05,89,Liberia,3
2020-04-06,89,Liberia,3
2020-04-07,89,Liberia,3
2020-04-04,90,Liechtenstein,1
2020-04-05,90,Liechtenstein,1
2020-04-06,90,Liechtenstein,1
2020-04-07,90,Liechtenstein,1
2020-03-21,91,Lithuania,1
2020-03-22,91,Lithuania,1
2020-03-23,91,Lithuania,1
2020-03-24,91,Lithuania,2
2020-03-25,91,Lithuania,4
2020-03-26,91,Lithuania,4
2020-03-27,91,Lithuania,5
2020-03-28,91,Lithuania,7
2020-03-29,91,Lithuania,7
2020-03-30,91,Lithuania,7
2020-03-31,91,Lithuania,8
2020-04-01,91,Lithuania,8
2020-04-02,91,Lithuania,9
2020-04-03,91,Lithuania,9
2020-04-04,91,Lithuania,11
2020-04-05,91,Lithuania,13
2020-04-06,91,Lithuania,15
2020-04-07,91,Lithuania,15
2020-03-14,92,Luxembourg,1
2020-03-15,92,Luxembourg,1
2020-03-16,92,Luxembourg,1
2020-03-17,92,Luxembourg,1
2020-03-18,92,Luxembourg,2
2020-03-19,92,Luxembourg,4
2020-03-20,92,Luxembourg,4
2020-03-21,92,Luxembourg,8
2020-03-22,92,Luxembourg,8
2020-03-23,92,Luxembourg,8
2020-03-24,92,Luxembourg,8
2020-03-25,92,Luxembourg,8
2020-03-26,92,Luxembourg,9
2020-03-27,92,Luxembourg,15
2020-03-28,92,Luxembourg,18
2020-03-29,92,Luxembourg,21
2020-03-30,92,Luxembourg,22
2020-03-31,92,Luxembourg,23
2020-04-01,92,Luxembourg,29
2020-04-02,92,Luxembourg,30
2020-04-03,92,Luxembourg,31
2020-04-04,92,Luxembourg,31
2020-04-05,92,Luxembourg,36
2020-04-06,92,Luxembourg,41
2020-04-07,92,Luxembourg,41
2020-03-17,94,Malaysia,2
2020-03-18,94,Malaysia,2
2020-03-19,94,Malaysia,2
2020-03-20,94,Malaysia,3
2020-03-21,94,Malaysia,4
2020-03-22,94,Malaysia,10
2020-03-23,94,Malaysia,14
2020-03-24,94,Malaysia,16
2020-03-25,94,Malaysia,20
2020-03-26,94,Malaysia,23
2020-03-27,94,Malaysia,26
2020-03-28,94,Malaysia,27
2020-03-29,94,Malaysia,35
2020-03-30,94,Malaysia,37
2020-03-31,94,Malaysia,43
2020-04-01,94,Malaysia,45
2020-04-02,94,Malaysia,50
2020-04-03,94,Malaysia,53
2020-04-04,94,Malaysia,57
2020-04-05,94,Malaysia,61
2020-04-06,94,Malaysia,62
2020-04-07,94,Malaysia,63
2020-03-30,97,Mauritania,1
2020-03-31,97,Mauritania,1
2020-04-01,97,Mauritania,1
2020-04-02,97,Mauritania,1
2020-04-03,97,Mauritania,1
2020-04-04,97,Mauritania,1
2020-04-05,97,Mauritania,1
2020-04-06,97,Mauritania,1
2020-04-07,97,Mauritania,1
2020-03-21,98,Mauritius,1
2020-03-22,98,Mauritius,2
2020-03-23,98,Mauritius,2
2020-03-24,98,Mauritius,2
2020-03-25,98,Mauritius,2
2020-03-26,98,Mauritius,2
2020-03-27,98,Mauritius,2
2020-03-28,98,Mauritius,2
2020-03-29,98,Mauritius,3
2020-03-30,98,Mauritius,3
2020-03-31,98,Mauritius,5
2020-04-01,98,Mauritius,6
2020-04-02,98,Mauritius,7
2020-04-03,98,Mauritius,7
2020-04-04,98,Mauritius,7
2020-04-05,98,Mauritius,7
2020-04-06,98,Mauritius,7
2020-04-07,98,Mauritius,7
2020-03-19,99,Mexico,1
2020-03-20,99,Mexico,1
2020-03-21,99,Mexico,2
2020-03-22,99,Mexico,2
2020-03-23,99,Mexico,3
2020-03-24,99,Mexico,4
2020-03-25,99,Mexico,5
2020-03-26,99,Mexico,6
2020-03-27,99,Mexico,8
2020-03-28,99,Mexico,12
2020-03-29,99,Mexico,16
2020-03-30,99,Mexico,20
2020-03-31,99,Mexico,28
2020-04-01,99,Mexico,29
2020-04-02,99,Mexico,37
2020-04-03,99,Mexico,50
2020-04-04,99,Mexico,60
2020-04-05,99,Mexico,79
2020-04-06,99,Mexico,94
2020-04-07,99,Mexico,125
2020-03-18,100,Moldova,1
2020-03-19,100,Moldova,1
2020-03-20,100,Moldova,1
2020-03-21,100,Moldova,1
2020-03-22,100,Moldova,1
2020-03-23,100,Moldova,1
2020-03-24,100,Moldova,1
2020-03-25,100,Moldova,1
2020-03-26,100,Moldova,1
2020-03-27,100,Moldova,2
2020-03-28,100,Moldova,2
2020-03-29,100,Moldova,2
2020-03-30,100,Moldova,2
2020-03-31,100,Moldova,4
2020-04-01,100,Moldova,5
2020-04-02,100,Moldova,6
2020-04-03,100,Moldova,8
2020-04-04,100,Moldova,12
2020-04-05,100,Moldova,15
2020-04-06,100,Moldova,19
2020-04-07,100,Moldova,21
2020-03-29,101,Monaco,1
2020-03-30,101,Monaco,1
2020-03-31,101,Monaco,1
2020-04-01,101,Monaco,1
2020-04-02,101,Monaco,1
2020-04-03,101,Monaco,1
2020-04-04,101,Monaco,1
2020-04-05,101,Monaco,1
2020-04-06,101,Monaco,1
2020-04-07,101,Monaco,1
2020-03-23,103,Montenegro,1
2020-03-24,103,Montenegro,1
2020-03-25,103,Montenegro,1
2020-03-26,103,Montenegro,1
2020-03-27,103,Montenegro,1
2020-03-28,103,Montenegro,1
2020-03-29,103,Montenegro,1
2020-03-30,103,Montenegro,1
2020-03-31,103,Montenegro,2
2020-04-01,103,Montenegro,2
2020-04-02,103,Montenegro,2
2020-04-03,103,Montenegro,2
2020-04-04,103,Montenegro,2
2020-04-05,103,Montenegro,2
2020-04-06,103,Montenegro,2
2020-04-07,103,Montenegro,2
2020-03-10,104,Morocco,1
2020-03-11,104,Morocco,1
2020-03-12,104,Morocco,2
2020-03-13,104,Morocco,2
2020-03-14,104,Morocco,2
2020-03-15,104,Morocco,2
2020-03-16,104,Morocco,2
2020-03-17,104,Morocco,2
2020-03-18,104,Morocco,2
2020-03-19,104,Morocco,2
2020-03-20,104,Morocco,3
2020-03-21,104,Morocco,3
2020-03-22,104,Morocco,4
2020-03-23,104,Morocco,4
2020-03-24,104,Morocco,5
2020-03-25,104,Morocco,6
2020-03-26,104,Morocco,11
2020-03-27,104,Morocco,23
2020-03-28,104,Morocco,25
2020-03-29,104,Morocco,26
2020-03-30,104,Morocco,33
2020-03-31,104,Morocco,36
2020-04-01,104,Morocco,39
2020-04-02,104,Morocco,44
2020-04-03,104,Morocco,48
2020-04-04,104,Morocco,59
2020-04-05,104,Morocco,70
2020-04-06,104,Morocco,80
2020-04-07,104,Morocco,83
2020-03-06,107,Netherlands,1
2020-03-07,107,Netherlands,1
2020-03-08,107,Netherlands,3
2020-03-09,107,Netherlands,3
2020-03-10,107,Netherlands,4
2020-03-11,107,Netherlands,5
2020-03-12,107,Netherlands,5
2020-03-13,107,Netherlands,10
2020-03-14,107,Netherlands,12
2020-03-15,107,Netherlands,20
2020-03-16,107,Netherlands,24
2020-03-17,107,Netherlands,43
2020-03-18,107,Netherlands,58
2020-03-19,107,Netherlands,77
2020-03-20,107,Netherlands,107
2020-03-21,107,Netherlands,137
2020-03-22,107,Netherlands,180
2020-03-23,107,Netherlands,214
2020-03-24,107,Netherlands,277
2020-03-25,107,Netherlands,357
2020-03-26,107,Netherlands,435
2020-03-27,107,Netherlands,547
2020-03-28,107,Netherlands,640
2020-03-29,107,Netherlands,772
2020-03-30,107,Netherlands,865
2020-03-31,107,Netherlands,1040
2020-04-01,107,Netherlands,1175
2020-04-02,107,Netherlands,1341
2020-04-03,107,Netherlands,1490
2020-04-04,107,Netherlands,1656
2020-04-05,107,Netherlands,1771
2020-04-06,107,Netherlands,1874
2020-04-07,107,Netherlands,1874
2020-03-29,108,New Zealand,1
2020-03-30,108,New Zealand,1
2020-03-31,108,New Zealand,1
2020-04-01,108,New Zealand,1
2020-04-02,108,New Zealand,1
2020-04-03,108,New Zealand,1
2020-04-04,108,New Zealand,1
2020-04-05,108,New Zealand,1
2020-04-06,108,New Zealand,1
2020-04-07,108,New Zealand,1
2020-03-27,109,Nicaragua,1
2020-03-28,109,Nicaragua,1
2020-03-29,109,Nicaragua,1
2020-03-30,109,Nicaragua,1
2020-03-31,109,Nicaragua,1
2020-04-01,109,Nicaragua,1
2020-04-02,109,Nicaragua,1
2020-04-03,109,Nicaragua,1
2020-04-04,109,Nicaragua,1
2020-04-05,109,Nicaragua,1
2020-04-06,109,Nicaragua,1
2020-04-07,109,Nicaragua,1
2020-03-25,110,Niger,1
2020-03-26,110,Niger,1
2020-03-27,110,Niger,1
2020-03-28,110,Niger,1
2020-03-29,110,Niger,1
2020-03-30,110,Niger,3
2020-03-31,110,Niger,3
2020-04-01,110,Niger,5
2020-04-02,110,Niger,5
2020-04-03,110,Niger,5
2020-04-04,110,Niger,8
2020-04-05,110,Niger,10
2020-04-06,110,Niger,10
2020-04-07,110,Niger,10
2020-03-23,111,Nigeria,1
2020-03-24,111,Nigeria,1
2020-03-25,111,Nigeria,1
2020-03-26,111,Nigeria,1
2020-03-27,111,Nigeria,1
2020-03-28,111,Nigeria,1
2020-03-29,111,Nigeria,1
2020-03-30,111,Nigeria,2
2020-03-31,111,Nigeria,2
2020-04-01,111,Nigeria,2
2020-04-02,111,Nigeria,2
2020-04-03,111,Nigeria,4
2020-04-04,111,Nigeria,4
2020-04-05,111,Nigeria,5
2020-04-06,111,Nigeria,5
2020-04-07,111,Nigeria,5
2020-03-22,112,North Macedonia,1
2020-03-23,112,North Macedonia,2
2020-03-24,112,North Macedonia,2
2020-03-25,112,North Macedonia,3
2020-03-26,112,North Macedonia,3
2020-03-27,112,North Macedonia,3
2020-03-28,112,North Macedonia,4
2020-03-29,112,North Macedonia,6
2020-03-30,112,North Macedonia,7
2020-03-31,112,North Macedonia,9
2020-04-01,112,North Macedonia,11
2020-04-02,112,North Macedonia,11
2020-04-03,112,North Macedonia,12
2020-04-04,112,North Macedonia,17
2020-04-05,112,North Macedonia,18
2020-04-06,112,North Macedonia,23
2020-04-07,112,North Macedonia,23
2020-03-14,113,Norway,3
2020-03-15,113,Norway,3
2020-03-16,113,Norway,3
2020-03-17,113,Norway,3
2020-03-18,113,Norway,6
2020-03-19,113,Norway,7
2020-03-20,113,Norway,7
2020-03-21,113,Norway,7
2020-03-22,113,Norway,7
2020-03-23,113,Norway,10
2020-03-24,113,Norway,12
2020-03-25,113,Norway,14
2020-03-26,113,Norway,14
2020-03-27,113,Norway,19
2020-03-28,113,Norway,23
2020-03-29,113,Norway,26
2020-03-30,113,Norway,32
2020-03-31,113,Norway,39
2020-04-01,113,Norway,44
2020-04-02,113,Norway,50
2020-04-03,113,Norway,59
2020-04-04,113,Norway,62
2020-04-05,113,Norway,71
2020-04-06,113,Norway,76
2020-04-07,113,Norway,83
2020-03-31,114,Oman,1
2020-04-01,114,Oman,1
2020-04-02,114,Oman,1
2020-04-03,114,Oman,2
2020-04-04,114,Oman,2
2020-04-05,114,Oman,2
2020-04-06,114,Oman,2
2020-04-07,114,Oman,2
2020-03-19,115,Pakistan,2
2020-03-20,115,Pakistan,3
2020-03-21,115,Pakistan,3
2020-03-22,115,Pakistan,5
2020-03-23,115,Pakistan,6
2020-03-24,115,Pakistan,7
2020-03-25,115,Pakistan,8
2020-03-26,115,Pakistan,9
2020-03-27,115,Pakistan,11
2020-03-28,115,Pakistan,12
2020-03-29,115,Pakistan,15
2020-03-30,115,Pakistan,21
2020-03-31,115,Pakistan,26
2020-04-01,115,Pakistan,31
2020-04-02,115,Pakistan,34
2020-04-03,115,Pakistan,40
2020-04-04,115,Pakistan,41
2020-04-05,115,Pakistan,47
2020-04-06,115,Pakistan,53
2020-04-07,115,Pakistan,55
2020-03-11,116,Panama,1
2020-03-12,116,Panama,1
2020-03-13,116,Panama,1
2020-03-14,116,Panama,1
2020-03-15,116,Panama,1
2020-03-16,116,Panama,1
2020-03-17,116,Panama,1
2020-03-18,116,Panama,1
2020-03-19,116,Panama,1
2020-03-20,116,Panama,1
2020-03-21,116,Panama,1
2020-03-22,116,Panama,3
2020-03-23,116,Panama,6
2020-03-24,116,Panama,6
2020-03-25,116,Panama,8
2020-03-26,116,Panama,8
2020-03-27,116,Panama,9
2020-03-28,116,Panama,14
2020-03-29,116,Panama,17
2020-03-30,116,Panama,24
2020-03-31,116,Panama,30
2020-04-01,116,Panama,30
2020-04-02,116,Panama,32
2020-04-03,116,Panama,37
2020-04-04,116,Panama,41
2020-04-05,116,Panama,46
2020-04-06,116,Panama,54
2020-04-07,116,Panama,55
2020-03-21,118,Paraguay,1
2020-03-22,118,Paraguay,1
2020-03-23,118,Paraguay,1
2020-03-24,118,Paraguay,2
2020-03-25,118,Paraguay,3
2020-03-26,118,Paraguay,3
2020-03-27,118,Paraguay,3
2020-03-28,118,Paraguay,3
2020-03-29,118,Paraguay,3
2020-03-30,118,Paraguay,3
2020-03-31,118,Paraguay,3
2020-04-01,118,Paraguay,3
2020-04-02,118,Paraguay,3
2020-04-03,118,Paraguay,3
2020-04-04,118,Paraguay,3
2020-04-05,118,Paraguay,3
2020-04-06,118,Paraguay,5
2020-04-07,118,Paraguay,5
2020-03-20,119,Peru,3
2020-03-21,119,Peru,5
2020-03-22,119,Peru,5
2020-03-23,119,Peru,5
2020-03-24,119,Peru,7
2020-03-25,119,Peru,9
2020-03-26,119,Peru,9
2020-03-27,119,Peru,11
2020-03-28,119,Peru,16
2020-03-29,119,Peru,18
2020-03-30,119,Peru,24
2020-03-31,119,Peru,30
2020-04-01,119,Peru,38
2020-04-02,119,Peru,55
2020-04-03,119,Peru,61
2020-04-04,119,Peru,73
2020-04-05,119,Peru,83
2020-04-06,119,Peru,92
2020-04-07,119,Peru,92
2020-02-02,120,Philippines,1
2020-02-03,120,Philippines,1
2020-02-04,120,Philippines,1
2020-02-05,120,Philippines,1
2020-02-06,120,Philippines,1
2020-02-07,120,Philippines,1
2020-02-08,120,Philippines,1
2020-02-09,120,Philippines,1
2020-02-10,120,Philippines,1
2020-02-11,120,Philippines,1
2020-02-12,120,Philippines,1
2020-02-13,120,Philippines,1
2020-02-14,120,Philippines,1
2020-02-15,120,Philippines,1
2020-02-16,120,Philippines,1
2020-02-17,120,Philippines,1
2020-02-18,120,Philippines,1
2020-02-19,120,Philippines,1
2020-02-20,120,Philippines,1
2020-02-21,120,Philippines,1
2020-02-22,120,Philippines,1
2020-02-23,120,Philippines,1
2020-02-24,120,Philippines,1
2020-02-25,120,Philippines,1
2020-02-26,120,Philippines,1
2020-02-27,120,Philippines,1
2020-02-28,120,Philippines,1
2020-02-29,120,Philippines,1
2020-03-01,120,Philippines,1
2020-03-02,120,Philippines,1
2020-03-03,120,Philippines,1
2020-03-04,120,Philippines,1
2020-03-05,120,Philippines,1
2020-03-06,120,Philippines,1
2020-03-07,120,Philippines,1
2020-03-08,120,Philippines,1
2020-03-09,120,Philippines,1
2020-03-10,120,Philippines,1
2020-03-11,120,Philippines,1
2020-03-12,120,Philippines,2
2020-03-13,120,Philippines,5
2020-03-14,120,Philippines,8
2020-03-15,120,Philippines,11
2020-03-16,120,Philippines,12
2020-03-17,120,Philippines,14
2020-03-18,120,Philippines,19
2020-03-19,120,Philippines,17
2020-03-20,120,Philippines,18
2020-03-21,120,Philippines,19
2020-03-22,120,Philippines,25
2020-03-23,120,Philippines,33
2020-03-24,120,Philippines,35
2020-03-25,120,Philippines,38
2020-03-26,120,Philippines,45
2020-03-27,120,Philippines,54
2020-03-28,120,Philippines,68
2020-03-29,120,Philippines,71
2020-03-30,120,Philippines,78
2020-03-31,120,Philippines,88
2020-04-01,120,Philippines,96
2020-04-02,120,Philippines,107
2020-04-03,120,Philippines,136
2020-04-04,120,Philippines,144
2020-04-05,120,Philippines,152
2020-04-06,120,Philippines,163
2020-04-07,120,Philippines,177
2020-03-12,121,Poland,1
2020-03-13,121,Poland,2
2020-03-14,121,Poland,3
2020-03-15,121,Poland,3
2020-03-16,121,Poland,4
2020-03-17,121,Poland,5
2020-03-18,121,Poland,5
2020-03-19,121,Poland,5
2020-03-20,121,Poland,5
2020-03-21,121,Poland,5
2020-03-22,121,Poland,7
2020-03-23,121,Poland,8
2020-03-24,121,Poland,10
2020-03-25,121,Poland,14
2020-03-26,121,Poland,16
2020-03-27,121,Poland,16
2020-03-28,121,Poland,18
2020-03-29,121,Poland,22
2020-03-30,121,Poland,31
2020-03-31,121,Poland,33
2020-04-01,121,Poland,43
2020-04-02,121,Poland,57
2020-04-03,121,Poland,71
2020-04-04,121,Poland,79
2020-04-05,121,Poland,94
2020-04-06,121,Poland,107
2020-04-07,121,Poland,111
2020-03-17,122,Portugal,1
2020-03-18,122,Portugal,2
2020-03-19,122,Portugal,3
2020-03-20,122,Portugal,6
2020-03-21,122,Portugal,12
2020-03-22,122,Portugal,14
2020-03-23,122,Portugal,23
2020-03-24,122,Portugal,33
2020-03-25,122,Portugal,43
2020-03-26,122,Portugal,60
2020-03-27,122,Portugal,76
2020-03-28,122,Portugal,100
2020-03-29,122,Portugal,119
2020-03-30,122,Portugal,140
2020-03-31,122,Portugal,160
2020-04-01,122,Portugal,187
2020-04-02,122,Portugal,209
2020-04-03,122,Portugal,246
2020-04-04,122,Portugal,266
2020-04-05,122,Portugal,295
2020-04-06,122,Portugal,311
2020-04-07,122,Portugal,311
2020-03-28,123,Qatar,1
2020-03-29,123,Qatar,1
2020-03-30,123,Qatar,2
2020-03-31,123,Qatar,2
2020-04-01,123,Qatar,2
2020-04-02,123,Qatar,5
2020-04-03,123,Qatar,5
2020-04-04,123,Qatar,5
2020-04-05,123,Qatar,4
2020-04-06,123,Qatar,4
2020-04-07,123,Qatar,4
2020-03-22,124,Romania,3
2020-03-23,124,Romania,7
2020-03-24,124,Romania,11
2020-03-25,124,Romania,17
2020-03-26,124,Romania,23
2020-03-27,124,Romania,26
2020-03-28,124,Romania,37
2020-03-29,124,Romania,43
2020-03-30,124,Romania,65
2020-03-31,124,Romania,82
2020-04-01,124,Romania,92
2020-04-02,124,Romania,115
2020-04-03,124,Romania,133
2020-04-04,124,Romania,146
2020-04-05,124,Romania,151
2020-04-06,124,Romania,176
2020-04-07,124,Romania,182
2020-03-19,125,Russia,1
2020-03-20,125,Russia,1
2020-03-21,125,Russia,1
2020-03-22,125,Russia,1
2020-03-23,125,Russia,1
2020-03-24,125,Russia,1
2020-03-25,125,Russia,3
2020-03-26,125,Russia,3
2020-03-27,125,Russia,4
2020-03-28,125,Russia,4
2020-03-29,125,Russia,8
2020-03-30,125,Russia,10
2020-03-31,125,Russia,17
2020-04-01,125,Russia,24
2020-04-02,125,Russia,30
2020-04-03,125,Russia,34
2020-04-04,125,Russia,43
2020-04-05,125,Russia,45
2020-04-06,125,Russia,47
2020-04-07,125,Russia,58
2020-03-03,129,San Marino,1
2020-03-04,129,San Marino,1
2020-03-05,129,San Marino,1
2020-03-06,129,San Marino,1
2020-03-07,129,San Marino,1
2020-03-08,129,San Marino,1
2020-03-09,129,San Marino,2
2020-03-10,129,San Marino,2
2020-03-11,129,San Marino,2
2020-03-12,129,San Marino,3
2020-03-13,129,San Marino,5
2020-03-14,129,San Marino,5
2020-03-15,129,San Marino,5
2020-03-16,129,San Marino,7
2020-03-17,129,San Marino,7
2020-03-18,129,San Marino,14
2020-03-19,129,San Marino,14
2020-03-20,129,San Marino,14
2020-03-21,129,San Marino,20
2020-03-22,129,San Marino,20
2020-03-23,129,San Marino,20
2020-03-24,129,San Marino,21
2020-03-25,129,San Marino,21
2020-03-26,129,San Marino,21
2020-03-27,129,San Marino,21
2020-03-28,129,San Marino,22
2020-03-29,129,San Marino,22
2020-03-30,129,San Marino,25
2020-03-31,129,San Marino,26
2020-04-01,129,San Marino,26
2020-04-02,129,San Marino,30
2020-04-03,129,San Marino,30
2020-04-04,129,San Marino,32
2020-04-05,129,San Marino,32
2020-04-06,129,San Marino,32
2020-04-07,129,San Marino,32
2020-03-24,130,Saudi Arabia,1
2020-03-25,130,Saudi Arabia,2
2020-03-26,130,Saudi Arabia,3
2020-03-27,130,Saudi Arabia,3
2020-03-28,130,Saudi Arabia,4
2020-03-29,130,Saudi Arabia,8
2020-03-30,130,Saudi Arabia,8
2020-03-31,130,Saudi Arabia,10
2020-04-01,130,Saudi Arabia,16
2020-04-02,130,Saudi Arabia,21
2020-04-03,130,Saudi Arabia,25
2020-04-04,130,Saudi Arabia,29
2020-04-05,130,Saudi Arabia,34
2020-04-06,130,Saudi Arabia,38
2020-04-07,130,Saudi Arabia,38
2020-04-01,131,Senegal,1
2020-04-02,131,Senegal,1
2020-04-03,131,Senegal,1
2020-04-04,131,Senegal,2
2020-04-05,131,Senegal,2
2020-04-06,131,Senegal,2
2020-04-07,131,Senegal,2
2020-03-20,132,Serbia,1
2020-03-21,132,Serbia,1
2020-03-22,132,Serbia,2
2020-03-23,132,Serbia,3
2020-03-24,132,Serbia,4
2020-03-25,132,Serbia,4
2020-03-26,132,Serbia,6
2020-03-27,132,Serbia,5
2020-03-28,132,Serbia,10
2020-03-29,132,Serbia,13
2020-03-30,132,Serbia,16
2020-03-31,132,Serbia,23
2020-04-01,132,Serbia,28
2020-04-02,132,Serbia,31
2020-04-03,132,Serbia,39
2020-04-04,132,Serbia,44
2020-04-05,132,Serbia,51
2020-04-06,132,Serbia,58
2020-04-07,132,Serbia,58
2020-03-21,134,Singapore,2
2020-03-22,134,Singapore,2
2020-03-23,134,Singapore,2
2020-03-24,134,Singapore,2
2020-03-25,134,Singapore,2
2020-03-26,134,Singapore,2
2020-03-27,134,Singapore,2
2020-03-28,134,Singapore,2
2020-03-29,134,Singapore,3
2020-03-30,134,Singapore,3
2020-03-31,134,Singapore,3
2020-04-01,134,Singapore,3
2020-04-02,134,Singapore,4
2020-04-03,134,Singapore,5
2020-04-04,134,Singapore,6
2020-04-05,134,Singapore,6
2020-04-06,134,Singapore,6
2020-04-07,134,Singapore,6
2020-03-18,135,Slovakia,1
2020-03-19,135,Slovakia,1
2020-03-20,135,Slovakia,1
2020-03-21,135,Slovakia,1
2020-03-22,135,Slovakia,1
2020-03-23,135,Slovakia,1
2020-03-24,135,Slovakia,1
2020-03-25,135,Slovakia,0
2020-03-26,135,Slovakia,0
2020-03-27,135,Slovakia,0
2020-03-28,135,Slovakia,0
2020-03-29,135,Slovakia,0
2020-03-30,135,Slovakia,0
2020-03-31,135,Slovakia,1
2020-04-01,135,Slovakia,1
2020-04-02,135,Slovakia,1
2020-04-03,135,Slovakia,1
2020-04-04,135,Slovakia,1
2020-04-05,135,Slovakia,1
2020-04-06,135,Slovakia,2
2020-04-07,135,Slovakia,2
2020-03-14,136,Slovenia,1
2020-03-15,136,Slovenia,1
2020-03-16,136,Slovenia,1
2020-03-17,136,Slovenia,1
2020-03-18,136,Slovenia,1
2020-03-19,136,Slovenia,1
2020-03-20,136,Slovenia,1
2020-03-21,136,Slovenia,1
2020-03-22,136,Slovenia,2
2020-03-23,136,Slovenia,3
2020-03-24,136,Slovenia,4
2020-03-25,136,Slovenia,5
2020-03-26,136,Slovenia,6
2020-03-27,136,Slovenia,9
2020-03-28,136,Slovenia,9
2020-03-29,136,Slovenia,11
2020-03-30,136,Slovenia,11
2020-03-31,136,Slovenia,15
2020-04-01,136,Slovenia,15
2020-04-02,136,Slovenia,17
2020-04-03,136,Slovenia,20
2020-04-04,136,Slovenia,22
2020-04-05,136,Slovenia,28
2020-04-06,136,Slovenia,30
2020-04-07,136,Slovenia,30
2020-03-27,138,South Africa,1
2020-03-28,138,South Africa,1
2020-03-29,138,South Africa,2
2020-03-30,138,South Africa,3
2020-03-31,138,South Africa,5
2020-04-01,138,South Africa,5
2020-04-02,138,South Africa,5
2020-04-03,138,South Africa,9
2020-04-04,138,South Africa,9
2020-04-05,138,South Africa,11
2020-04-06,138,South Africa,12
2020-04-07,138,South Africa,12
2020-03-03,139,Spain,1
2020-03-04,139,Spain,2
2020-03-05,139,Spain,3
2020-03-06,139,Spain,5
2020-03-07,139,Spain,10
2020-03-08,139,Spain,17
2020-03-09,139,Spain,28
2020-03-10,139,Spain,35
2020-03-11,139,Spain,54
2020-03-12,139,Spain,86
2020-03-13,139,Spain,133
2020-03-14,139,Spain,195
2020-03-15,139,Spain,289
2020-03-16,139,Spain,342
2020-03-17,139,Spain,533
2020-03-18,139,Spain,623
2020-03-19,139,Spain,830
2020-03-20,139,Spain,1043
2020-03-21,139,Spain,1375
2020-03-22,139,Spain,1772
2020-03-23,139,Spain,2311
2020-03-24,139,Spain,2991
2020-03-25,139,Spain,3647
2020-03-26,139,Spain,4365
2020-03-27,139,Spain,5138
2020-03-28,139,Spain,5982
2020-03-29,139,Spain,6803
2020-03-30,139,Spain,7716
2020-03-31,139,Spain,8464
2020-04-01,139,Spain,9387
2020-04-02,139,Spain,10348
2020-04-03,139,Spain,11198
2020-04-04,139,Spain,11947
2020-04-05,139,Spain,12641
2020-04-06,139,Spain,13341
2020-04-07,139,Spain,13798
2020-03-28,140,Sri Lanka,1
2020-03-29,140,Sri Lanka,1
2020-03-30,140,Sri Lanka,2
2020-03-31,140,Sri Lanka,2
2020-04-01,140,Sri Lanka,3
2020-04-02,140,Sri Lanka,4
2020-04-03,140,Sri Lanka,4
2020-04-04,140,Sri Lanka,5
2020-04-05,140,Sri Lanka,5
2020-04-06,140,Sri Lanka,5
2020-04-07,140,Sri Lanka,6
2020-03-13,141,Sudan,1
2020-03-14,141,Sudan,1
2020-03-15,141,Sudan,1
2020-03-16,141,Sudan,1
2020-03-17,141,Sudan,1
2020-03-18,141,Sudan,1
2020-03-19,141,Sudan,1
2020-03-20,141,Sudan,1
2020-03-21,141,Sudan,1
2020-03-22,141,Sudan,1
2020-03-23,141,Sudan,1
2020-03-24,141,Sudan,1
2020-03-25,141,Sudan,1
2020-03-26,141,Sudan,1
2020-03-27,141,Sudan,1
2020-03-28,141,Sudan,1
2020-03-29,141,Sudan,1
2020-03-30,141,Sudan,2
2020-03-31,141,Sudan,2
2020-04-01,141,Sudan,2
2020-04-02,141,Sudan,2
2020-04-03,141,Sudan,2
2020-04-04,141,Sudan,2
2020-04-05,141,Sudan,2
2020-04-06,141,Sudan,2
2020-04-07,141,Sudan,2
2020-04-03,142,Suriname,1
2020-04-04,142,Suriname,1
2020-04-05,142,Suriname,1
2020-04-06,142,Suriname,1
2020-04-07,142,Suriname,1
2020-03-11,143,Sweden,1
2020-03-12,143,Sweden,8
2020-03-13,143,Sweden,8
2020-03-14,143,Sweden,8
2020-03-15,143,Sweden,8
2020-03-16,143,Sweden,7
2020-03-17,143,Sweden,8
2020-03-18,143,Sweden,10
2020-03-19,143,Sweden,11
2020-03-20,143,Sweden,16
2020-03-21,143,Sweden,20
2020-03-22,143,Sweden,23
2020-03-23,143,Sweden,25
2020-03-24,143,Sweden,36
2020-03-25,143,Sweden,62
2020-03-26,143,Sweden,77
2020-03-27,143,Sweden,105
2020-03-28,143,Sweden,105
2020-03-29,143,Sweden,110
2020-03-30,143,Sweden,146
2020-03-31,143,Sweden,180
2020-04-01,143,Sweden,239
2020-04-02,143,Sweden,308
2020-04-03,143,Sweden,358
2020-04-04,143,Sweden,373
2020-04-05,143,Sweden,401
2020-04-06,143,Sweden,477
2020-04-07,143,Sweden,477
2020-03-05,144,Switzerland,1
2020-03-06,144,Switzerland,1
2020-03-07,144,Switzerland,1
2020-03-08,144,Switzerland,2
2020-03-09,144,Switzerland,2
2020-03-10,144,Switzerland,3
2020-03-11,144,Switzerland,4
2020-03-12,144,Switzerland,4
2020-03-13,144,Switzerland,11
2020-03-14,144,Switzerland,13
2020-03-15,144,Switzerland,14
2020-03-16,144,Switzerland,14
2020-03-17,144,Switzerland,27
2020-03-18,144,Switzerland,28
2020-03-19,144,Switzerland,41
2020-03-20,144,Switzerland,54
2020-03-21,144,Switzerland,75
2020-03-22,144,Switzerland,98
2020-03-23,144,Switzerland,120
2020-03-24,144,Switzerland,122
2020-03-25,144,Switzerland,153
2020-03-26,144,Switzerland,191
2020-03-27,144,Switzerland,231
2020-03-28,144,Switzerland,264
2020-03-29,144,Switzerland,300
2020-03-30,144,Switzerland,359
2020-03-31,144,Switzerland,433
2020-04-01,144,Switzerland,488
2020-04-02,144,Switzerland,536
2020-04-03,144,Switzerland,604
2020-04-04,144,Switzerland,666
2020-04-05,144,Switzerland,715
2020-04-06,144,Switzerland,765
2020-04-07,144,Switzerland,787
2020-03-31,145,Tanzania,1
2020-04-01,145,Tanzania,1
2020-04-02,145,Tanzania,1
2020-04-03,145,Tanzania,1
2020-04-04,145,Tanzania,1
2020-04-05,145,Tanzania,1
2020-04-06,145,Tanzania,1
2020-04-07,145,Tanzania,1
2020-03-01,146,Thailand,1
2020-03-02,146,Thailand,1
2020-03-03,146,Thailand,1
2020-03-04,146,Thailand,1
2020-03-05,146,Thailand,1
2020-03-06,146,Thailand,1
2020-03-07,146,Thailand,1
2020-03-08,146,Thailand,1
2020-03-09,146,Thailand,1
2020-03-10,146,Thailand,1
2020-03-11,146,Thailand,1
2020-03-12,146,Thailand,1
2020-03-13,146,Thailand,1
2020-03-14,146,Thailand,1
2020-03-15,146,Thailand,1
2020-03-16,146,Thailand,1
2020-03-17,146,Thailand,1
2020-03-18,146,Thailand,1
2020-03-19,146,Thailand,1
2020-03-20,146,Thailand,1
2020-03-21,146,Thailand,1
2020-03-22,146,Thailand,1
2020-03-23,146,Thailand,1
2020-03-24,146,Thailand,4
2020-03-25,146,Thailand,4
2020-03-26,146,Thailand,4
2020-03-27,146,Thailand,5
2020-03-28,146,Thailand,6
2020-03-29,146,Thailand,7
2020-03-30,146,Thailand,9
2020-03-31,146,Thailand,10
2020-04-01,146,Thailand,12
2020-04-02,146,Thailand,15
2020-04-03,146,Thailand,19
2020-04-04,146,Thailand,20
2020-04-05,146,Thailand,23
2020-04-06,146,Thailand,26
2020-04-07,146,Thailand,27
2020-03-27,147,Togo,1
2020-03-28,147,Togo,1
2020-03-29,147,Togo,1
2020-03-30,147,Togo,1
2020-03-31,147,Togo,1
2020-04-01,147,Togo,2
2020-04-02,147,Togo,2
2020-04-03,147,Togo,3
2020-04-04,147,Togo,3
2020-04-05,147,Togo,3
2020-04-06,147,Togo,3
2020-04-07,147,Togo,3
2020-03-25,148,Trinidad and Tobago,1
2020-03-26,148,Trinidad and Tobago,1
2020-03-27,148,Trinidad and Tobago,2
2020-03-28,148,Trinidad and Tobago,3
2020-03-29,148,Trinidad and Tobago,3
2020-03-30,148,Trinidad and Tobago,3
2020-03-31,148,Trinidad and Tobago,3
2020-04-01,148,Trinidad and Tobago,5
2020-04-02,148,Trinidad and Tobago,5
2020-04-03,148,Trinidad and Tobago,6
2020-04-04,148,Trinidad and Tobago,6
2020-04-05,148,Trinidad and Tobago,7
2020-04-06,148,Trinidad and Tobago,8
2020-04-07,148,Trinidad and Tobago,8
2020-03-19,149,Tunisia,1
2020-03-20,149,Tunisia,1
2020-03-21,149,Tunisia,1
2020-03-22,149,Tunisia,3
2020-03-23,149,Tunisia,3
2020-03-24,149,Tunisia,4
2020-03-25,149,Tunisia,5
2020-03-26,149,Tunisia,6
2020-03-27,149,Tunisia,6
2020-03-28,149,Tunisia,8
2020-03-29,149,Tunisia,8
2020-03-30,149,Tunisia,8
2020-03-31,149,Tunisia,10
2020-04-01,149,Tunisia,12
2020-04-02,149,Tunisia,14
2020-04-03,149,Tunisia,18
2020-04-04,149,Tunisia,18
2020-04-05,149,Tunisia,22
2020-04-06,149,Tunisia,22
2020-04-07,149,Tunisia,22
2020-03-17,150,Turkey,1
2020-03-18,150,Turkey,2
2020-03-19,150,Turkey,3
2020-03-20,150,Turkey,4
2020-03-21,150,Turkey,9
2020-03-22,150,Turkey,30
2020-03-23,150,Turkey,37
2020-03-24,150,Turkey,44
2020-03-25,150,Turkey,59
2020-03-26,150,Turkey,75
2020-03-27,150,Turkey,92
2020-03-28,150,Turkey,108
2020-03-29,150,Turkey,131
2020-03-30,150,Turkey,168
2020-03-31,150,Turkey,214
2020-04-01,150,Turkey,277
2020-04-02,150,Turkey,356
2020-04-03,150,Turkey,425
2020-04-04,150,Turkey,501
2020-04-05,150,Turkey,574
2020-04-06,150,Turkey,649
2020-04-07,150,Turkey,649
2020-03-13,152,Ukraine,1
2020-03-14,152,Ukraine,1
2020-03-15,152,Ukraine,1
2020-03-16,152,Ukraine,2
2020-03-17,152,Ukraine,2
2020-03-18,152,Ukraine,2
2020-03-19,152,Ukraine,2
2020-03-20,152,Ukraine,3
2020-03-21,152,Ukraine,3
2020-03-22,152,Ukraine,3
2020-03-23,152,Ukraine,3
2020-03-24,152,Ukraine,3
2020-03-25,152,Ukraine,5
2020-03-26,152,Ukraine,5
2020-03-27,152,Ukraine,5
2020-03-28,152,Ukraine,9
2020-03-29,152,Ukraine,10
2020-03-30,152,Ukraine,13
2020-03-31,152,Ukraine,17
2020-04-01,152,Ukraine,20
2020-04-02,152,Ukraine,22
2020-04-03,152,Ukraine,27
2020-04-04,152,Ukraine,32
2020-04-05,152,Ukraine,37
2020-04-06,152,Ukraine,38
2020-04-07,152,Ukraine,45
2020-03-20,153,United Arab Emirates,2
2020-03-21,153,United Arab Emirates,2
2020-03-22,153,United Arab Emirates,2
2020-03-23,153,United Arab Emirates,2
2020-03-24,153,United Arab Emirates,2
2020-03-25,153,United Arab Emirates,2
2020-03-26,153,United Arab Emirates,2
2020-03-27,153,United Arab Emirates,2
2020-03-28,153,United Arab Emirates,2
2020-03-29,153,United Arab Emirates,3
2020-03-30,153,United Arab Emirates,5
2020-03-31,153,United Arab Emirates,6
2020-04-01,153,United Arab Emirates,8
2020-04-02,153,United Arab Emirates,8
2020-04-03,153,United Arab Emirates,9
2020-04-04,153,United Arab Emirates,10
2020-04-05,153,United Arab Emirates,10
2020-04-06,153,United Arab Emirates,11
2020-04-07,153,United Arab Emirates,11
2020-03-05,154,United Kingdom,1
2020-03-06,154,United Kingdom,2
2020-03-07,154,United Kingdom,2
2020-03-08,154,United Kingdom,3
2020-03-09,154,United Kingdom,4
2020-03-10,154,United Kingdom,6
2020-03-11,154,United Kingdom,8
2020-03-12,154,United Kingdom,8
2020-03-13,154,United Kingdom,8
2020-03-14,154,United Kingdom,21
2020-03-15,154,United Kingdom,35
2020-03-16,154,United Kingdom,56
2020-03-17,154,United Kingdom,60
2020-03-18,154,United Kingdom,104
2020-03-19,154,United Kingdom,144
2020-03-20,154,United Kingdom,178
2020-03-21,154,United Kingdom,234
2020-03-22,154,United Kingdom,282
2020-03-23,154,United Kingdom,336
2020-03-24,154,United Kingdom,423
2020-03-25,154,United Kingdom,466
2020-03-26,154,United Kingdom,580
2020-03-27,154,United Kingdom,761
2020-03-28,154,United Kingdom,1021
2020-03-29,154,United Kingdom,1231
2020-03-30,154,United Kingdom,1411
2020-03-31,154,United Kingdom,1793
2020-04-01,154,United Kingdom,2357
2020-04-02,154,United Kingdom,2926
2020-04-03,154,United Kingdom,3611
2020-04-04,154,United Kingdom,4320
2020-04-05,154,United Kingdom,4943
2020-04-06,154,United Kingdom,5385
2020-04-07,154,United Kingdom,5385
2020-03-29,155,Uruguay,1
2020-03-30,155,Uruguay,1
2020-03-31,155,Uruguay,1
2020-04-01,155,Uruguay,2
2020-04-02,155,Uruguay,4
2020-04-03,155,Uruguay,4
2020-04-04,155,Uruguay,5
2020-04-05,155,Uruguay,5
2020-04-06,155,Uruguay,6
2020-04-07,155,Uruguay,6
2020-02-29,156,United States of America,1
2020-03-01,156,United States of America,1
2020-03-02,156,United States of America,6
2020-03-03,156,United States of America,9
2020-03-04,156,United States of America,11
2020-03-05,156,United States of America,12
2020-03-06,156,United States of America,14
2020-03-07,156,United States of America,17
2020-03-08,156,United States of America,21
2020-03-09,156,United States of America,22
2020-03-10,156,United States of America,29
2020-03-11,156,United States of America,36
2020-03-12,156,United States of America,40
2020-03-13,156,United States of America,47
2020-03-14,156,United States of America,56
2020-03-15,156,United States of America,63
2020-03-16,156,United States of America,90
2020-03-17,156,United States of America,108
2020-03-18,156,United States of America,118
2020-03-19,156,United States of America,200
2020-03-20,156,United States of America,244
2020-03-21,156,United States of America,307
2020-03-22,156,United States of America,417
2020-03-23,156,United States of America,557
2020-03-24,156,United States of America,706
2020-03-25,156,United States of America,942
2020-03-26,156,United States of America,1209
2020-03-27,156,United States of America,1581
2020-03-28,156,United States of America,2026
2020-03-29,156,United States of America,2467
2020-03-30,156,United States of America,2978
2020-03-31,156,United States of America,3873
2020-04-01,156,United States of America,4757
2020-04-02,156,United States of America,5926
2020-04-03,156,United States of America,7087
2020-04-04,156,United States of America,8407
2020-04-05,156,United States of America,9619
2020-04-06,156,United States of America,10783
2020-04-07,156,United States of America,10993
2020-03-27,157,Uzbekistan,1
2020-03-28,157,Uzbekistan,2
2020-03-29,157,Uzbekistan,2
2020-03-30,157,Uzbekistan,2
2020-03-31,157,Uzbekistan,2
2020-04-01,157,Uzbekistan,2
2020-04-02,157,Uzbekistan,2
2020-04-03,157,Uzbekistan,2
2020-04-04,157,Uzbekistan,3
2020-04-05,157,Uzbekistan,3
2020-04-06,157,Uzbekistan,2
2020-04-07,157,Uzbekistan,2
2020-03-27,158,Venezuela,1
2020-03-28,158,Venezuela,2
2020-03-29,158,Venezuela,2
2020-03-30,158,Venezuela,3
2020-03-31,158,Venezuela,3
2020-04-01,158,Venezuela,3
2020-04-02,158,Venezuela,5
2020-04-03,158,Venezuela,7
2020-04-04,158,Venezuela,7
2020-04-05,158,Venezuela,7
2020-04-06,158,Venezuela,7
2020-04-07,158,Venezuela,7
2020-04-02,160,Zambia,1
2020-04-03,160,Zambia,1
2020-04-04,160,Zambia,1
2020-04-05,160,Zambia,1
2020-04-06,160,Zambia,1
2020-04-07,160,Zambia,1
2020-03-23,161,Zimbabwe,1
2020-03-24,161,Zimbabwe,1
2020-03-25,161,Zimbabwe,1
2020-03-26,161,Zimbabwe,1
2020-03-27,161,Zimbabwe,1
2020-03-28,161,Zimbabwe,1
2020-03-29,161,Zimbabwe,1
2020-03-30,161,Zimbabwe,1
2020-03-31,161,Zimbabwe,1
2020-04-01,161,Zimbabwe,1
2020-04-02,161,Zimbabwe,1
2020-04-03,161,Zimbabwe,1
2020-04-04,161,Zimbabwe,1
2020-04-05,161,Zimbabwe,1
2020-04-06,161,Zimbabwe,1
2020-04-07,161,Zimbabwe,1
2020-03-29,165,Syria,1
2020-03-30,165,Syria,2
2020-03-31,165,Syria,2
2020-04-01,165,Syria,2
2020-04-02,165,Syria,3
2020-04-03,165,Syria,3
2020-04-04,165,Syria,3
2020-04-05,165,Syria,3
2020-04-06,165,Syria,3
2020-04-07,165,Syria,3
2020-04-06,167,Belize,1
2020-04-07,167,Belize,1
2020-04-02,169,Libya,1
2020-04-03,169,Libya,1
2020-04-04,169,Libya,1
2020-04-05,169,Libya,1
2020-04-06,169,Libya,1
2020-04-07,169,Libya,1
2020-03-25,170,Palestine,1
2020-03-26,170,Palestine,1
2020-03-27,170,Palestine,1
2020-03-28,170,Palestine,1
2020-03-29,170,Palestine,1
2020-03-30,170,Palestine,1
2020-03-31,170,Palestine,1
2020-04-01,170,Palestine,1
2020-04-02,170,Palestine,1
2020-04-03,170,Palestine,1
2020-04-04,170,Palestine,1
2020-04-05,170,Palestine,1
2020-04-06,170,Palestine,1
2020-04-07,170,Palestine,1
2020-03-29,172,Mali,1
2020-03-30,172,Mali,2
2020-03-31,172,Mali,2
2020-04-01,172,Mali,3
2020-04-02,172,Mali,3
2020-04-03,172,Mali,3
2020-04-04,172,Mali,3
2020-04-05,172,Mali,5
2020-04-06,172,Mali,5
2020-04-07,172,Mali,5
2020-03-23,174,Kosovo,1
2020-03-24,174,Kosovo,1
2020-03-25,174,Kosovo,0
2020-03-26,174,Kosovo,1
2020-03-27,174,Kosovo,1
2020-03-28,174,Kosovo,1
2020-03-29,174,Kosovo,1
2020-03-30,174,Kosovo,1
2020-03-31,174,Kosovo,1
2020-04-01,174,Kosovo,1
2020-04-02,174,Kosovo,1
2020-04-03,174,Kosovo,1
2020-04-04,174,Kosovo,1
2020-04-05,174,Kosovo,1
2020-04-06,174,Kosovo,1
2020-04-07,174,Kosovo,1
2020-03-31,175,Myanmar,1
2020-04-01,175,Myanmar,1
2020-04-02,175,Myanmar,1
2020-04-03,175,Myanmar,1
2020-04-04,175,Myanmar,1
2020-04-05,175,Myanmar,1
2020-04-06,175,Myanmar,1
2020-04-07,175,Myanmar,1
2020-04-01,176,MS Zaandam,2
2020-04-02,176,MS Zaandam,2
2020-04-03,176,MS Zaandam,2
2020-04-04,176,MS Zaandam,2
2020-04-05,176,MS Zaandam,2
2020-04-06,176,MS Zaandam,2
2020-04-07,176,MS Zaandam,2
2020-03-31,177,Botswana,1
2020-04-01,177,Botswana,1
2020-04-02,177,Botswana,1
2020-04-03,177,Botswana,1
2020-04-04,177,Botswana,1
2020-04-05,177,Botswana,1
2020-04-06,177,Botswana,1
2020-04-07,177,Botswana,1
2020-04-07,180,Malawi,1
